customer_id,age,segment,region,tenure_months,credit_limit,avg_monthly_spend,txns_last_3mo,days_past_due,churn_flag,current_balance,utilization_rate,pct_revolve,revolve_balance,delinquent_flag
100001,59,Mass,East,1,50000,13278.0,23,0,0,55961.0,1.12,0.48,26861.0,0
100002,49,Affluent,West,87,50000,19737.0,21,0,1,61360.0,1.23,0.39,23930.0,0
100003,35,Affluent,South,128,120000,7782.0,24,30,1,52927.0,0.44,0.27,14290.0,1
100004,63,Mass,North,67,120000,14637.0,19,0,0,24859.0,0.21,0.37,9198.0,0
100005,28,Affluent,East,4,120000,20698.0,29,0,0,28070.0,0.23,0.35,9824.0,0
100006,41,Starter,North,153,50000,15171.0,24,0,1,11882.0,0.24,0.68,8080.0,0
100007,59,Affluent,East,47,80000,17206.0,17,0,1,29890.0,0.37,0.28,8369.0,0
100008,39,Mass,South,38,50000,13501.0,22,0,0,30038.0,0.6,0.14,4205.0,0
100009,43,Mass,East,143,50000,5127.0,24,60,0,26560.0,0.53,0.22,5843.0,1
100010,31,Affluent,South,21,20000,20734.0,19,0,0,31783.0,1.59,0.4,12713.0,0
100011,31,Mass,East,57,80000,32917.0,17,0,1,21456.0,0.27,0.31,6651.0,0
100012,44,Mass,South,117,20000,18156.0,17,0,0,43722.0,2.19,0.2,8744.0,0
100013,56,Mass,South,46,50000,19915.0,21,0,0,11972.0,0.24,0.15,1796.0,0
100014,60,Affluent,West,142,120000,23888.0,21,0,0,50095.0,0.42,0.36,18034.0,0
100015,44,Starter,South,145,20000,7211.0,29,0,0,0.0,0.0,0.23,0.0,0
100016,23,Affluent,West,39,20000,32471.0,22,0,0,34818.0,1.74,0.25,8704.0,0
100017,42,Mass,South,137,20000,19720.0,20,0,0,66790.0,3.34,0.47,31391.0,0
100018,22,Starter,North,99,120000,31871.0,24,0,1,11204.0,0.09,0.21,2353.0,0
100019,44,Mass,South,77,50000,11769.0,31,30,0,37199.0,0.74,0.48,17856.0,1
100020,64,Mass,North,115,50000,33454.0,20,0,0,45067.0,0.9,0.57,25688.0,0
100021,50,Mass,North,134,120000,24589.0,25,0,0,6680.0,0.06,0.43,2872.0,0
100022,58,Mass,South,151,120000,22701.0,20,0,0,54284.0,0.45,0.12,6514.0,0
100023,22,Starter,North,91,50000,19989.0,24,0,0,734.0,0.01,0.34,250.0,0
100024,41,Mass,West,98,80000,15888.0,27,90,0,16469.0,0.21,0.37,6094.0,1
100025,53,Affluent,East,120,80000,28205.0,28,0,0,49709.0,0.62,0.4,19884.0,0
100026,32,Mass,South,46,80000,19193.0,32,0,0,36726.0,0.46,0.13,4774.0,0
100027,42,Mass,North,38,20000,1280.0,19,0,0,31281.0,1.56,0.56,17517.0,0
100028,64,Mass,South,142,120000,8504.0,20,0,0,25498.0,0.21,0.68,17339.0,0
100029,45,Mass,West,100,50000,16420.0,21,0,0,27820.0,0.56,0.13,3617.0,0
100030,69,Mass,South,72,50000,20635.0,18,0,0,13330.0,0.27,0.19,2533.0,0
100031,47,Mass,South,35,50000,17519.0,19,0,0,5542.0,0.11,0.28,1552.0,0
100032,62,Starter,North,147,20000,28361.0,17,0,0,3282.0,0.16,0.15,492.0,0
100033,48,Mass,West,30,20000,1416.0,21,0,0,38406.0,1.92,0.07,2688.0,0
100034,36,Starter,East,78,80000,19220.0,23,0,0,8521.0,0.11,0.59,5027.0,0
100035,35,Starter,East,84,20000,2547.0,16,0,0,18624.0,0.93,0.13,2421.0,0
100036,67,Starter,North,113,50000,24458.0,24,0,0,9901.0,0.2,0.73,7228.0,0
100037,64,Starter,South,25,50000,17197.0,25,0,0,16822.0,0.34,0.12,2019.0,0
100038,23,Mass,North,168,20000,21567.0,22,0,0,45857.0,2.29,0.55,25221.0,0
100039,57,Mass,North,88,200000,10657.0,25,0,0,43329.0,0.22,0.05,2166.0,0
100040,27,Mass,North,14,20000,28875.0,22,0,0,31168.0,1.56,0.31,9662.0,0
100041,41,Starter,South,154,50000,26855.0,25,0,0,16850.0,0.34,0.49,8256.0,0
100042,29,Affluent,West,102,50000,22960.0,21,0,0,54840.0,1.1,0.24,13162.0,0
100043,59,Mass,North,150,20000,16899.0,25,0,0,37704.0,1.89,0.15,5656.0,0
100044,38,Mass,South,176,20000,22929.0,28,0,0,17733.0,0.89,0.13,2305.0,0
100045,24,Affluent,West,83,80000,11991.0,13,0,0,66459.0,0.83,0.22,14621.0,0
100046,45,Affluent,North,110,200000,25272.0,21,0,0,27932.0,0.14,0.72,20111.0,0
100047,34,Starter,East,179,20000,32021.0,23,0,0,12018.0,0.6,0.78,9374.0,0
100048,29,Mass,West,131,80000,27100.0,19,0,0,45197.0,0.56,0.2,9039.0,0
100049,46,Affluent,North,170,80000,11798.0,28,0,0,82041.0,1.03,0.25,20510.0,0
100050,22,Mass,West,19,120000,21072.0,17,0,1,10484.0,0.09,0.27,2831.0,0
100051,40,Starter,West,28,50000,7008.0,19,0,0,14238.0,0.28,0.43,6122.0,0
100052,48,Mass,West,173,50000,22865.0,22,0,0,10965.0,0.22,0.57,6250.0,0
100053,67,Affluent,West,71,50000,21830.0,17,0,0,73711.0,1.47,0.83,61180.0,0
100054,27,Mass,West,63,80000,2107.0,31,0,0,18759.0,0.23,0.28,5253.0,0
100055,64,Mass,West,73,120000,8125.0,21,0,0,52256.0,0.44,0.52,27173.0,0
100056,28,Affluent,North,124,20000,15593.0,15,0,0,46788.0,2.34,0.38,17779.0,0
100057,67,Starter,East,119,50000,15443.0,19,0,0,17645.0,0.35,0.41,7234.0,0
100058,55,Starter,South,121,120000,7719.0,10,0,0,15637.0,0.13,0.2,3127.0,0
100059,34,Mass,West,19,120000,21306.0,26,0,0,31783.0,0.26,0.33,10488.0,0
100060,37,Affluent,South,175,200000,20138.0,21,0,0,33949.0,0.17,0.55,18672.0,0
100061,56,Mass,North,142,80000,16349.0,21,0,1,0.0,0.0,0.48,0.0,0
100062,60,Mass,West,120,50000,11576.0,26,0,0,24692.0,0.49,0.5,12346.0,0
100063,24,Mass,East,166,80000,26914.0,21,0,0,31704.0,0.4,0.5,15852.0,0
100064,22,Mass,South,61,80000,32071.0,22,0,0,11122.0,0.14,0.32,3559.0,0
100065,26,Mass,West,164,20000,13890.0,20,0,0,11670.0,0.58,0.6,7002.0,0
100066,62,Affluent,North,168,50000,12797.0,30,0,0,37310.0,0.75,0.21,7835.0,0
100067,24,Mass,East,30,80000,22175.0,22,0,0,36443.0,0.46,0.37,13484.0,0
100068,49,Mass,South,9,20000,14957.0,16,60,0,25934.0,1.3,0.31,8040.0,1
100069,38,Mass,South,64,80000,16815.0,19,0,0,39703.0,0.5,0.35,13896.0,0
100070,46,Mass,West,161,80000,24287.0,12,0,0,10387.0,0.13,0.37,3843.0,0
100071,64,Mass,East,120,200000,1770.0,14,30,0,22661.0,0.11,0.18,4079.0,1
100072,54,Mass,East,52,20000,29206.0,21,0,0,52718.0,2.64,0.34,17924.0,0
100073,30,Mass,East,89,50000,18618.0,18,0,0,29025.0,0.58,0.43,12481.0,0
100074,56,Starter,East,142,80000,14502.0,14,0,0,16352.0,0.2,0.16,2616.0,0
100075,34,Starter,North,53,50000,17242.0,20,0,0,14480.0,0.29,0.34,4923.0,0
100076,51,Mass,East,78,80000,17681.0,30,0,0,7010.0,0.09,0.64,4486.0,0
100077,68,Mass,South,41,80000,3285.0,14,0,0,39946.0,0.5,0.43,17177.0,0
100078,35,Mass,South,68,20000,30707.0,34,0,0,52960.0,2.65,0.21,11122.0,0
100079,28,Mass,North,8,50000,18351.0,21,0,0,23127.0,0.46,0.19,4394.0,0
100080,34,Mass,South,2,50000,21766.0,19,0,0,40894.0,0.82,0.42,17175.0,0
100081,43,Starter,South,105,50000,26088.0,22,0,0,13864.0,0.28,0.88,12200.0,0
100082,60,Affluent,East,125,120000,9320.0,28,0,0,35320.0,0.29,0.24,8477.0,0
100083,41,Mass,South,110,120000,22025.0,23,0,0,33774.0,0.28,0.27,9119.0,0
100084,36,Mass,North,86,80000,15725.0,23,0,0,39979.0,0.5,0.35,13993.0,0
100085,65,Mass,East,169,80000,25198.0,24,30,0,44814.0,0.56,0.34,15237.0,1
100086,38,Affluent,West,120,50000,1000.0,26,0,0,4702.0,0.09,0.31,1458.0,0
100087,67,Mass,East,127,120000,17158.0,20,0,1,26988.0,0.22,0.18,4858.0,0
100088,44,Mass,North,16,80000,12876.0,21,0,0,45904.0,0.57,0.28,12853.0,0
100089,46,Mass,East,62,80000,21674.0,22,0,0,22865.0,0.29,0.68,15548.0,0
100090,45,Starter,East,113,120000,21995.0,23,0,0,29846.0,0.25,0.39,11640.0,0
100091,65,Starter,North,176,50000,11985.0,27,90,1,4736.0,0.09,0.1,474.0,1
100092,61,Mass,East,158,120000,11947.0,18,0,0,34685.0,0.29,0.46,15955.0,0
100093,49,Mass,North,12,20000,17059.0,18,0,0,34353.0,1.72,0.83,28513.0,0
100094,35,Mass,North,35,50000,10379.0,24,0,0,3929.0,0.08,0.69,2711.0,0
100095,65,Starter,West,11,50000,25157.0,23,0,0,11025.0,0.22,0.31,3418.0,0
100096,21,Mass,South,64,200000,14862.0,16,0,0,29538.0,0.15,0.15,4431.0,0
100097,45,Mass,South,50,120000,1000.0,28,0,0,2691.0,0.02,0.61,1642.0,0
100098,27,Mass,East,149,80000,14814.0,25,0,0,40468.0,0.51,0.57,23067.0,0
100099,29,Mass,East,69,80000,9172.0,14,0,0,41073.0,0.51,0.02,821.0,0
100100,44,Mass,West,48,80000,4134.0,20,0,0,32908.0,0.41,0.56,18428.0,0
100101,21,Mass,West,20,120000,7482.0,33,0,0,11183.0,0.09,0.19,2125.0,0
100102,64,Mass,West,101,50000,18930.0,20,0,0,48702.0,0.97,0.16,7792.0,0
100103,28,Mass,North,172,50000,29293.0,35,0,0,58558.0,1.17,0.28,16396.0,0
100104,44,Mass,West,161,20000,20662.0,19,0,0,30206.0,1.51,0.43,12989.0,0
100105,31,Starter,West,137,80000,12845.0,25,0,1,19847.0,0.25,0.22,4366.0,0
100106,37,Mass,East,68,80000,21875.0,25,60,0,31026.0,0.39,0.67,20787.0,1
100107,28,Mass,West,35,50000,14098.0,11,0,0,35956.0,0.72,0.48,17259.0,0
100108,55,Mass,North,65,20000,12096.0,20,30,0,26207.0,1.31,0.19,4979.0,1
100109,55,Mass,North,8,120000,8188.0,22,0,1,27482.0,0.23,0.61,16764.0,0
100110,53,Affluent,East,45,20000,3109.0,17,90,0,74112.0,3.71,0.5,37056.0,1
100111,25,Affluent,West,87,80000,14686.0,21,0,0,65633.0,0.82,0.35,22972.0,0
100112,62,Mass,West,175,200000,19343.0,25,30,0,6999.0,0.03,0.34,2380.0,1
100113,59,Starter,North,168,50000,17179.0,23,0,0,27036.0,0.54,0.62,16762.0,0
100114,61,Mass,West,76,20000,14464.0,24,0,0,10293.0,0.51,0.27,2779.0,0
100115,48,Starter,West,76,80000,9961.0,23,30,1,12540.0,0.16,0.76,9530.0,1
100116,27,Mass,West,174,120000,23170.0,18,0,0,19184.0,0.16,0.32,6139.0,0
100117,29,Affluent,South,47,50000,6804.0,21,0,0,31859.0,0.64,0.35,11151.0,0
100118,28,Starter,East,15,200000,24596.0,13,0,0,15065.0,0.08,0.39,5875.0,0
100119,32,Starter,South,105,20000,9481.0,20,30,0,20424.0,1.02,0.26,5310.0,1
100120,54,Starter,East,147,50000,11604.0,23,0,0,6910.0,0.14,0.19,1313.0,0
100121,53,Mass,North,26,80000,5532.0,19,0,0,31072.0,0.39,0.07,2175.0,0
100122,68,Mass,West,52,120000,13738.0,18,0,0,34137.0,0.28,0.52,17751.0,0
100123,43,Starter,East,93,20000,26290.0,25,0,0,1551.0,0.08,0.59,915.0,0
100124,44,Affluent,South,150,120000,22383.0,20,0,0,27448.0,0.23,0.72,19763.0,0
100125,57,Mass,West,21,80000,26317.0,27,0,0,26322.0,0.33,0.69,18162.0,0
100126,55,Starter,North,51,50000,22438.0,13,0,1,21780.0,0.44,0.19,4138.0,0
100127,64,Mass,East,38,20000,8619.0,18,30,0,10482.0,0.52,0.28,2935.0,1
100128,60,Mass,East,20,120000,15188.0,27,0,0,23074.0,0.19,0.37,8537.0,0
100129,42,Mass,East,157,20000,11368.0,25,0,0,44616.0,2.23,0.3,13385.0,0
100130,47,Starter,West,179,50000,29310.0,13,0,0,14338.0,0.29,0.52,7456.0,0
100131,55,Starter,South,132,50000,7827.0,19,0,0,17589.0,0.35,0.65,11433.0,0
100132,21,Starter,South,55,120000,25596.0,26,0,0,4342.0,0.04,0.2,868.0,0
100133,55,Affluent,East,92,80000,25590.0,27,0,0,39010.0,0.49,0.05,1950.0,0
100134,57,Affluent,North,28,80000,33552.0,21,0,0,20286.0,0.25,0.64,12983.0,0
100135,67,Starter,North,4,50000,14518.0,18,0,0,11754.0,0.24,0.56,6582.0,0
100136,34,Starter,South,150,80000,24055.0,23,0,0,17377.0,0.22,0.18,3128.0,0
100137,23,Starter,North,76,80000,37394.0,16,0,0,16031.0,0.2,0.24,3847.0,0
100138,21,Starter,South,173,120000,12750.0,23,0,0,15240.0,0.13,0.08,1219.0,0
100139,25,Affluent,East,67,120000,4952.0,22,0,0,77744.0,0.65,0.55,42759.0,0
100140,46,Mass,South,86,20000,2020.0,23,0,0,22339.0,1.12,0.43,9606.0,0
100141,34,Mass,South,162,80000,24058.0,23,0,0,75367.0,0.94,0.65,48989.0,0
100142,59,Starter,East,91,20000,1993.0,22,0,0,1249.0,0.06,0.64,799.0,0
100143,47,Mass,North,105,50000,14835.0,18,0,0,34197.0,0.68,0.37,12653.0,0
100144,29,Mass,South,1,50000,21717.0,19,0,0,24502.0,0.49,0.15,3675.0,0
100145,35,Mass,South,72,50000,19574.0,22,0,1,21232.0,0.42,0.09,1911.0,0
100146,35,Starter,East,87,50000,21616.0,18,0,0,26566.0,0.53,0.15,3985.0,0
100147,46,Mass,North,166,80000,19889.0,28,0,0,32392.0,0.4,0.26,8422.0,0
100148,62,Mass,South,6,50000,28870.0,15,0,0,0.0,0.0,0.32,0.0,0
100149,33,Starter,East,153,80000,9905.0,15,0,0,28576.0,0.36,0.27,7716.0,0
100150,52,Mass,South,145,50000,12246.0,27,0,0,18447.0,0.37,0.65,11991.0,0
100151,59,Affluent,West,61,20000,11432.0,24,0,0,99207.0,4.96,0.5,49604.0,0
100152,69,Affluent,East,12,80000,25057.0,22,0,0,55397.0,0.69,0.73,40440.0,0
100153,52,Mass,North,6,50000,25653.0,24,0,0,50172.0,1.0,0.32,16055.0,0
100154,24,Mass,North,27,50000,21835.0,21,0,1,5764.0,0.12,0.46,2651.0,0
100155,50,Affluent,North,136,80000,28060.0,23,0,0,59188.0,0.74,0.74,43799.0,0
100156,57,Mass,North,124,50000,7987.0,25,0,0,50801.0,1.02,0.74,37593.0,0
100157,43,Starter,South,106,20000,32171.0,17,0,0,397.0,0.02,0.04,16.0,0
100158,59,Affluent,South,93,50000,30948.0,22,0,0,56989.0,1.14,0.21,11968.0,0
100159,65,Starter,North,109,120000,24253.0,15,0,0,20725.0,0.17,0.08,1658.0,0
100160,35,Mass,North,99,80000,33145.0,24,0,0,17593.0,0.22,0.44,7741.0,0
100161,63,Starter,North,168,80000,3919.0,15,0,0,13820.0,0.17,0.57,7877.0,0
100162,49,Starter,South,142,80000,13542.0,18,0,0,3430.0,0.04,0.29,995.0,0
100163,56,Mass,North,35,20000,11750.0,18,0,0,0.0,0.0,0.6,0.0,0
100164,33,Mass,North,176,50000,24133.0,32,0,0,23344.0,0.47,0.32,7470.0,0
100165,52,Starter,West,84,80000,9074.0,27,0,1,10154.0,0.13,0.21,2132.0,0
100166,27,Starter,West,56,20000,24439.0,15,0,0,16434.0,0.82,0.37,6081.0,0
100167,42,Starter,North,177,50000,29650.0,19,0,1,4243.0,0.08,0.11,467.0,0
100168,48,Mass,East,141,50000,23909.0,18,0,0,22367.0,0.45,0.62,13868.0,0
100169,22,Affluent,North,49,50000,20412.0,31,0,0,46081.0,0.92,0.77,35482.0,0
100170,62,Mass,West,46,200000,9603.0,25,0,0,47039.0,0.24,0.61,28694.0,0
100171,65,Mass,East,113,20000,10802.0,38,0,0,20540.0,1.03,0.56,11502.0,0
100172,26,Affluent,East,136,50000,28622.0,27,0,0,91353.0,1.83,0.57,52071.0,0
100173,48,Mass,North,43,20000,24624.0,24,0,0,30450.0,1.52,0.33,10048.0,0
100174,48,Starter,West,148,200000,17668.0,30,0,0,9489.0,0.05,0.56,5314.0,0
100175,64,Starter,West,124,20000,14448.0,27,30,0,806.0,0.04,0.27,218.0,1
100176,64,Mass,East,97,50000,1000.0,21,0,0,8571.0,0.17,0.34,2914.0,0
100177,40,Mass,North,90,80000,8898.0,21,0,0,10187.0,0.13,0.54,5501.0,0
100178,50,Mass,South,39,80000,34247.0,31,30,0,36684.0,0.46,0.34,12473.0,1
100179,31,Mass,South,85,50000,7116.0,19,0,0,27035.0,0.54,0.4,10814.0,0
100180,48,Mass,West,177,50000,19611.0,20,0,0,21172.0,0.42,0.29,6140.0,0
100181,45,Mass,South,62,50000,26563.0,20,0,1,43234.0,0.86,0.61,26373.0,0
100182,59,Mass,West,106,50000,7333.0,24,0,0,30812.0,0.62,0.44,13557.0,0
100183,53,Mass,West,107,20000,19570.0,19,0,0,28787.0,1.44,0.63,18136.0,0
100184,21,Affluent,West,54,50000,25972.0,16,0,0,68331.0,1.37,0.17,11616.0,0
100185,47,Mass,South,126,50000,18106.0,21,0,0,22373.0,0.45,0.25,5593.0,0
100186,33,Starter,West,9,50000,42381.0,14,0,0,17838.0,0.36,0.47,8384.0,0
100187,61,Mass,East,88,80000,3817.0,27,30,0,16179.0,0.2,0.62,10031.0,1
100188,23,Mass,North,37,200000,26999.0,21,0,0,37854.0,0.19,0.33,12492.0,0
100189,59,Mass,North,49,80000,16531.0,28,0,0,49507.0,0.62,0.74,36635.0,0
100190,26,Mass,West,41,20000,24561.0,23,0,0,7341.0,0.37,0.18,1321.0,0
100191,28,Mass,North,17,20000,21751.0,21,0,0,22850.0,1.14,0.4,9140.0,0
100192,47,Mass,South,88,200000,11768.0,23,0,0,45133.0,0.23,0.67,30239.0,0
100193,29,Starter,South,21,50000,19946.0,26,90,0,23370.0,0.47,0.74,17294.0,1
100194,57,Mass,North,51,20000,2208.0,17,0,1,25428.0,1.27,0.37,9408.0,0
100195,53,Starter,South,59,80000,23128.0,17,0,0,10423.0,0.13,0.1,1042.0,0
100196,62,Mass,North,167,80000,20534.0,23,0,0,42339.0,0.53,0.35,14819.0,0
100197,64,Starter,North,41,80000,23429.0,23,0,0,3902.0,0.05,0.19,741.0,0
100198,44,Affluent,North,39,50000,26994.0,19,0,0,97137.0,1.94,0.4,38855.0,0
100199,35,Mass,West,141,20000,21125.0,23,0,0,9941.0,0.5,0.42,4175.0,0
100200,52,Affluent,North,11,200000,19259.0,24,0,0,46194.0,0.23,0.27,12472.0,0
100201,52,Affluent,West,147,50000,10511.0,26,0,0,47124.0,0.94,0.53,24976.0,0
100202,44,Affluent,North,139,80000,11946.0,17,0,0,32244.0,0.4,0.54,17412.0,0
100203,61,Affluent,North,77,80000,28087.0,16,0,0,43843.0,0.55,0.5,21922.0,0
100204,69,Mass,North,127,80000,30209.0,24,0,0,17348.0,0.22,0.48,8327.0,0
100205,69,Mass,South,46,50000,15976.0,34,0,0,0.0,0.0,0.36,0.0,0
100206,32,Starter,West,45,50000,18391.0,17,0,0,18353.0,0.37,0.34,6240.0,0
100207,59,Starter,West,1,80000,10311.0,27,0,0,16803.0,0.21,0.32,5377.0,0
100208,22,Mass,North,168,120000,27968.0,24,30,0,23862.0,0.2,0.4,9545.0,1
100209,23,Mass,North,108,120000,23656.0,28,30,0,10621.0,0.09,0.23,2443.0,1
100210,69,Mass,South,19,20000,34500.0,24,0,0,765.0,0.04,0.55,421.0,0
100211,57,Mass,South,76,20000,10534.0,33,0,0,20289.0,1.01,0.45,9130.0,0
100212,69,Affluent,South,72,120000,14787.0,23,0,1,38603.0,0.32,0.29,11195.0,0
100213,37,Mass,West,109,80000,19967.0,25,0,0,46843.0,0.59,0.2,9369.0,0
100214,69,Mass,West,12,120000,23495.0,18,0,0,45816.0,0.38,0.11,5040.0,0
100215,22,Affluent,West,161,20000,16167.0,30,0,1,28328.0,1.42,0.33,9348.0,0
100216,22,Affluent,North,45,80000,10580.0,16,0,0,31402.0,0.39,0.31,9735.0,0
100217,48,Mass,West,90,80000,25492.0,22,30,0,35450.0,0.44,0.69,24460.0,1
100218,43,Affluent,East,103,80000,24130.0,16,0,0,48838.0,0.61,0.22,10744.0,0
100219,57,Affluent,East,8,50000,10212.0,18,0,0,41789.0,0.84,0.26,10865.0,0
100220,52,Affluent,South,153,20000,29521.0,25,0,0,33894.0,1.69,0.09,3050.0,0
100221,53,Starter,West,91,80000,27947.0,26,0,0,16573.0,0.21,0.47,7789.0,0
100222,21,Mass,East,174,50000,19142.0,21,0,0,27555.0,0.55,0.26,7164.0,0
100223,39,Mass,South,87,50000,18677.0,19,0,0,35308.0,0.71,0.47,16595.0,0
100224,22,Starter,West,158,200000,22709.0,23,0,0,12951.0,0.06,0.37,4792.0,0
100225,64,Mass,North,175,50000,10676.0,30,0,1,30164.0,0.6,0.54,16289.0,0
100226,46,Mass,East,177,120000,18255.0,29,0,0,32962.0,0.27,0.62,20436.0,0
100227,52,Affluent,North,175,20000,1000.0,21,0,0,48103.0,2.41,0.26,12507.0,0
100228,26,Starter,West,84,80000,25450.0,24,0,0,26207.0,0.33,0.45,11793.0,0
100229,52,Affluent,East,82,200000,4727.0,17,0,1,47352.0,0.24,0.28,13259.0,0
100230,24,Mass,West,146,20000,30779.0,14,0,0,28986.0,1.45,0.72,20870.0,0
100231,31,Mass,North,68,20000,15194.0,15,0,0,23974.0,1.2,0.49,11747.0,0
100232,37,Affluent,East,161,50000,16201.0,26,0,0,27073.0,0.54,0.23,6227.0,0
100233,58,Mass,North,127,20000,12664.0,16,0,0,35269.0,1.76,0.39,13755.0,0
100234,44,Mass,West,164,80000,15552.0,17,0,1,32012.0,0.4,0.31,9924.0,0
100235,25,Affluent,West,82,120000,30058.0,27,0,0,56980.0,0.47,0.74,42165.0,0
100236,54,Mass,North,147,50000,1000.0,24,0,0,48141.0,0.96,0.14,6740.0,0
100237,26,Starter,East,156,50000,28854.0,24,0,1,6935.0,0.14,0.47,3259.0,0
100238,42,Affluent,North,168,50000,20873.0,24,0,0,50677.0,1.01,0.52,26352.0,0
100239,31,Mass,West,84,80000,7740.0,29,0,0,41254.0,0.52,0.62,25577.0,0
100240,68,Mass,North,113,20000,8860.0,17,0,0,7507.0,0.38,0.08,601.0,0
100241,36,Mass,West,76,80000,32249.0,18,0,1,11779.0,0.15,0.61,7185.0,0
100242,53,Affluent,North,122,80000,9963.0,15,0,0,40581.0,0.51,0.4,16232.0,0
100243,29,Starter,East,143,80000,8197.0,30,0,0,20225.0,0.25,0.15,3034.0,0
100244,26,Affluent,East,41,20000,27667.0,24,0,0,22006.0,1.1,0.25,5502.0,0
100245,36,Mass,North,167,80000,20878.0,21,0,0,22258.0,0.28,0.43,9571.0,0
100246,49,Starter,North,2,20000,10028.0,31,0,0,6853.0,0.34,0.46,3152.0,0
100247,23,Mass,East,29,20000,19841.0,28,0,0,20700.0,1.03,0.4,8280.0,0
100248,40,Affluent,West,105,120000,9281.0,18,0,0,39595.0,0.33,0.54,21381.0,0
100249,56,Mass,East,51,80000,27357.0,19,0,0,38598.0,0.48,0.48,18527.0,0
100250,39,Starter,West,75,20000,27022.0,24,0,0,25546.0,1.28,0.71,18138.0,0
100251,46,Mass,North,10,20000,22522.0,18,0,0,19811.0,0.99,0.38,7528.0,0
100252,23,Mass,North,142,20000,21074.0,24,0,0,7755.0,0.39,0.67,5196.0,0
100253,39,Mass,West,51,50000,32970.0,27,0,1,49303.0,0.99,0.21,10354.0,0
100254,40,Mass,North,118,20000,17997.0,24,0,0,36882.0,1.84,0.24,8852.0,0
100255,52,Mass,West,121,20000,7954.0,23,0,0,17400.0,0.87,0.26,4524.0,0
100256,27,Starter,South,39,50000,21821.0,19,60,0,28345.0,0.57,0.67,18991.0,1
100257,61,Mass,East,28,80000,35731.0,18,0,0,26947.0,0.34,0.17,4581.0,0
100258,53,Mass,South,3,80000,9375.0,22,0,0,23693.0,0.3,0.35,8293.0,0
100259,60,Starter,West,84,80000,14928.0,35,0,0,10690.0,0.13,0.02,214.0,0
100260,59,Affluent,East,155,20000,21540.0,19,0,0,74304.0,3.72,0.36,26749.0,0
100261,38,Mass,West,117,200000,17542.0,19,0,1,22844.0,0.11,0.29,6625.0,0
100262,60,Mass,East,2,120000,9650.0,20,0,0,29822.0,0.25,0.05,1491.0,0
100263,21,Affluent,East,93,120000,27536.0,24,30,0,31987.0,0.27,0.52,16633.0,1
100264,31,Mass,East,166,120000,37720.0,27,0,0,38036.0,0.32,0.54,20539.0,0
100265,48,Affluent,East,131,120000,19667.0,13,0,1,85049.0,0.71,0.41,34870.0,0
100266,45,Mass,West,144,50000,10315.0,15,0,0,16686.0,0.33,0.12,2002.0,0
100267,43,Starter,East,94,20000,4834.0,31,0,0,21868.0,1.09,0.51,11153.0,0
100268,51,Mass,East,40,80000,20193.0,27,0,0,0.0,0.0,0.46,0.0,0
100269,50,Mass,South,2,80000,27383.0,25,0,0,25743.0,0.32,0.34,8753.0,0
100270,62,Mass,North,81,80000,22039.0,17,0,0,18053.0,0.23,0.61,11012.0,0
100271,55,Starter,North,169,50000,17980.0,24,0,0,6423.0,0.13,0.27,1734.0,0
100272,27,Starter,South,12,20000,12991.0,20,0,0,11152.0,0.56,0.32,3569.0,0
100273,36,Starter,South,163,50000,8717.0,27,0,0,20557.0,0.41,0.47,9662.0,0
100274,46,Starter,West,65,120000,25095.0,26,0,0,35541.0,0.3,0.49,17415.0,0
100275,68,Mass,West,55,80000,25767.0,29,0,0,32439.0,0.41,0.39,12651.0,0
100276,69,Starter,West,45,50000,4861.0,23,0,0,19726.0,0.39,0.61,12033.0,0
100277,22,Mass,South,101,50000,31514.0,21,0,0,21613.0,0.43,0.08,1729.0,0
100278,21,Mass,South,62,50000,22880.0,14,0,0,3143.0,0.06,0.83,2609.0,0
100279,68,Mass,East,49,120000,29897.0,28,0,0,35071.0,0.29,0.81,28408.0,0
100280,32,Affluent,West,127,80000,6592.0,18,0,0,24648.0,0.31,0.55,13556.0,0
100281,25,Mass,West,153,80000,6390.0,19,0,0,32170.0,0.4,0.49,15763.0,0
100282,57,Mass,West,23,50000,16734.0,21,0,0,15288.0,0.31,0.37,5657.0,0
100283,52,Mass,North,152,80000,22274.0,16,0,1,28668.0,0.36,0.18,5160.0,0
100284,29,Mass,East,38,20000,33269.0,21,0,0,7508.0,0.38,0.62,4655.0,0
100285,61,Affluent,West,28,80000,24002.0,25,0,0,75536.0,0.94,0.22,16618.0,0
100286,55,Starter,West,21,50000,15937.0,25,0,0,2722.0,0.05,0.19,517.0,0
100287,39,Starter,West,107,50000,9276.0,27,0,0,11801.0,0.24,0.8,9441.0,0
100288,68,Mass,North,146,80000,28455.0,18,0,0,23490.0,0.29,0.14,3289.0,0
100289,36,Starter,North,164,120000,9800.0,24,0,0,18188.0,0.15,0.22,4001.0,0
100290,23,Affluent,South,99,20000,31842.0,21,0,1,37916.0,1.9,0.45,17062.0,0
100291,40,Mass,East,173,120000,15583.0,28,0,0,23862.0,0.2,0.3,7159.0,0
100292,44,Affluent,South,119,50000,31520.0,21,0,1,51541.0,1.03,0.59,30409.0,0
100293,53,Mass,East,73,50000,23771.0,17,0,0,36498.0,0.73,0.3,10949.0,0
100294,44,Mass,North,122,20000,16836.0,22,0,0,18273.0,0.91,0.24,4386.0,0
100295,31,Affluent,West,30,50000,13585.0,23,0,0,18598.0,0.37,0.08,1488.0,0
100296,69,Mass,South,108,50000,15102.0,27,90,0,22431.0,0.45,0.55,12337.0,1
100297,28,Affluent,West,98,20000,21641.0,25,0,0,70712.0,3.54,0.72,50913.0,0
100298,56,Starter,South,32,50000,18656.0,22,0,0,19477.0,0.39,0.53,10323.0,0
100299,58,Mass,North,156,120000,12953.0,21,0,0,54070.0,0.45,0.67,36227.0,0
100300,60,Starter,North,172,20000,16592.0,30,0,1,4055.0,0.2,0.06,243.0,0
100301,40,Mass,North,79,80000,18668.0,33,0,0,33081.0,0.41,0.44,14556.0,0
100302,55,Starter,South,41,50000,1000.0,24,0,0,11645.0,0.23,0.3,3494.0,0
100303,68,Affluent,East,63,80000,21894.0,16,0,1,56690.0,0.71,0.67,37982.0,0
100304,45,Affluent,South,23,50000,9672.0,15,0,0,39637.0,0.79,0.94,37259.0,0
100305,55,Affluent,East,104,20000,8197.0,21,0,0,48333.0,2.42,0.13,6283.0,0
100306,45,Starter,South,75,20000,3658.0,18,0,0,24158.0,1.21,0.45,10871.0,0
100307,49,Mass,South,48,20000,2752.0,21,0,0,13963.0,0.7,0.71,9914.0,0
100308,38,Mass,North,160,20000,6479.0,25,0,0,11862.0,0.59,0.05,593.0,0
100309,66,Mass,West,57,80000,11973.0,22,0,0,11152.0,0.14,0.18,2007.0,0
100310,38,Mass,West,118,120000,34603.0,19,0,0,58685.0,0.49,0.68,39906.0,0
100311,22,Mass,East,100,120000,13530.0,17,0,0,35955.0,0.3,0.77,27685.0,0
100312,55,Mass,West,124,80000,19511.0,18,0,0,32567.0,0.41,0.11,3582.0,0
100313,36,Mass,South,161,20000,21404.0,26,0,0,12137.0,0.61,0.54,6554.0,0
100314,61,Mass,South,152,50000,19114.0,14,0,0,37350.0,0.75,0.31,11578.0,0
100315,56,Starter,North,167,50000,17342.0,20,30,0,24347.0,0.49,0.23,5600.0,1
100316,53,Starter,North,34,20000,7840.0,25,0,0,18699.0,0.93,0.57,10658.0,0
100317,24,Starter,West,156,50000,30333.0,18,0,0,3827.0,0.08,0.15,574.0,0
100318,53,Affluent,East,165,50000,33361.0,21,0,0,21523.0,0.43,0.16,3444.0,0
100319,34,Starter,West,7,50000,3697.0,35,0,0,24705.0,0.49,0.38,9388.0,0
100320,41,Starter,West,165,50000,9296.0,20,0,1,2417.0,0.05,0.45,1088.0,0
100321,68,Mass,West,56,120000,15622.0,16,0,0,39012.0,0.33,0.73,28479.0,0
100322,40,Affluent,West,65,80000,9801.0,26,0,0,39433.0,0.49,0.25,9858.0,0
100323,28,Affluent,South,47,50000,22301.0,19,0,0,60457.0,1.21,0.21,12696.0,0
100324,27,Mass,East,148,120000,11810.0,21,0,0,38267.0,0.32,0.29,11097.0,0
100325,23,Mass,South,19,200000,36403.0,21,0,0,14805.0,0.07,0.28,4145.0,0
100326,37,Mass,East,157,50000,28120.0,22,0,0,15695.0,0.31,0.57,8946.0,0
100327,53,Starter,North,146,50000,19807.0,29,0,0,7821.0,0.16,0.42,3285.0,0
100328,68,Affluent,West,163,50000,26729.0,31,0,1,55844.0,1.12,0.14,7818.0,0
100329,32,Mass,South,171,120000,27400.0,26,0,0,25707.0,0.21,0.47,12082.0,0
100330,42,Mass,East,126,120000,13206.0,11,0,0,34503.0,0.29,0.16,5520.0,0
100331,42,Mass,North,139,20000,11062.0,22,0,0,54445.0,2.72,0.54,29400.0,0
100332,66,Mass,North,49,50000,18664.0,24,0,0,20384.0,0.41,0.06,1223.0,0
100333,50,Mass,West,113,80000,25324.0,34,30,1,2272.0,0.03,0.68,1545.0,1
100334,58,Affluent,East,38,50000,19182.0,16,0,1,54354.0,1.09,0.17,9240.0,0
100335,58,Affluent,South,64,20000,4596.0,24,0,0,71212.0,3.56,0.55,39167.0,0
100336,65,Mass,West,69,120000,11176.0,21,0,1,33892.0,0.28,0.56,18980.0,0
100337,28,Mass,South,136,80000,17371.0,22,0,0,11684.0,0.15,0.19,2220.0,0
100338,47,Starter,North,162,120000,17357.0,22,0,1,25470.0,0.21,0.51,12990.0,0
100339,47,Mass,South,176,120000,34767.0,24,30,0,11222.0,0.09,0.55,6172.0,1
100340,54,Starter,South,116,80000,6219.0,28,0,0,9791.0,0.12,0.26,2546.0,0
100341,41,Mass,West,65,50000,22298.0,22,60,0,7731.0,0.15,0.66,5102.0,1
100342,50,Affluent,South,31,80000,30657.0,24,0,0,47840.0,0.6,0.35,16744.0,0
100343,53,Mass,West,132,20000,37307.0,21,0,0,12935.0,0.65,0.11,1423.0,0
100344,48,Mass,North,113,80000,14563.0,16,0,0,29902.0,0.37,0.23,6877.0,0
100345,67,Mass,West,109,20000,22177.0,23,0,0,22505.0,1.13,0.3,6752.0,0
100346,53,Starter,West,178,80000,22843.0,21,0,0,6540.0,0.08,0.19,1243.0,0
100347,25,Mass,East,69,20000,19662.0,28,0,0,28335.0,1.42,0.12,3400.0,0
100348,68,Starter,South,158,20000,17160.0,14,0,0,7777.0,0.39,0.26,2022.0,0
100349,39,Starter,North,120,20000,21706.0,28,0,0,15599.0,0.78,0.5,7800.0,0
100350,24,Mass,West,88,20000,1000.0,25,0,0,27269.0,1.36,0.5,13634.0,0
100351,55,Mass,North,67,80000,23798.0,24,0,0,13172.0,0.16,0.22,2898.0,0
100352,69,Mass,East,75,80000,19073.0,26,0,0,61614.0,0.77,0.15,9242.0,0
100353,37,Starter,South,45,50000,16109.0,24,0,0,2370.0,0.05,0.26,616.0,0
100354,64,Mass,West,4,20000,35398.0,16,0,0,25701.0,1.29,0.4,10280.0,0
100355,48,Mass,South,154,20000,12263.0,23,0,0,49228.0,2.46,0.14,6892.0,0
100356,50,Mass,East,155,20000,14574.0,21,0,0,55627.0,2.78,0.32,17801.0,0
100357,49,Mass,East,174,20000,34928.0,25,0,0,25820.0,1.29,0.37,9553.0,0
100358,66,Mass,North,107,120000,10927.0,15,0,0,33211.0,0.28,0.42,13949.0,0
100359,26,Mass,West,51,20000,13324.0,22,0,0,13180.0,0.66,0.37,4877.0,0
100360,55,Mass,North,50,50000,16750.0,28,0,0,25792.0,0.52,0.74,19086.0,0
100361,61,Affluent,East,6,20000,25146.0,22,90,0,67419.0,3.37,0.65,43822.0,1
100362,57,Mass,South,59,20000,19766.0,21,0,0,30772.0,1.54,0.89,27387.0,0
100363,44,Mass,North,125,50000,7013.0,22,0,0,32991.0,0.66,0.16,5279.0,0
100364,49,Mass,North,143,80000,13477.0,18,30,0,36397.0,0.45,0.13,4732.0,1
100365,69,Mass,South,30,20000,12837.0,22,0,0,31565.0,1.58,0.39,12310.0,0
100366,66,Affluent,North,170,20000,17344.0,15,0,0,64557.0,3.23,0.18,11620.0,0
100367,51,Mass,South,122,50000,21620.0,32,30,0,13923.0,0.28,0.45,6265.0,1
100368,55,Mass,West,125,20000,21555.0,17,0,0,19804.0,0.99,0.28,5545.0,0
100369,53,Mass,South,37,20000,2904.0,19,0,0,23766.0,1.19,0.1,2377.0,0
100370,41,Mass,West,170,200000,27043.0,19,0,0,43762.0,0.22,0.52,22756.0,0
100371,52,Mass,South,124,80000,20147.0,23,0,0,10556.0,0.13,0.75,7917.0,0
100372,43,Affluent,East,101,80000,29769.0,20,0,0,88182.0,1.1,0.33,29100.0,0
100373,53,Mass,East,35,50000,21776.0,18,0,0,42295.0,0.85,0.37,15649.0,0
100374,23,Mass,West,87,50000,27361.0,26,0,0,23502.0,0.47,0.44,10341.0,0
100375,38,Affluent,West,134,50000,21966.0,25,0,0,32391.0,0.65,0.45,14576.0,0
100376,45,Starter,East,18,80000,29443.0,21,0,0,7157.0,0.09,0.68,4867.0,0
100377,62,Starter,West,113,80000,22439.0,20,0,0,21885.0,0.27,0.41,8973.0,0
100378,51,Mass,South,29,20000,17168.0,17,0,1,24573.0,1.23,0.88,21624.0,0
100379,23,Affluent,South,77,50000,37316.0,20,0,0,33817.0,0.68,0.55,18599.0,0
100380,60,Starter,East,59,50000,25557.0,19,0,0,20011.0,0.4,0.14,2802.0,0
100381,66,Starter,North,175,120000,22877.0,16,0,0,10134.0,0.08,0.29,2939.0,0
100382,44,Starter,South,126,80000,7151.0,22,0,0,14898.0,0.19,0.23,3427.0,0
100383,52,Starter,West,145,50000,7049.0,30,0,0,15634.0,0.31,0.9,14071.0,0
100384,67,Starter,North,109,20000,20488.0,19,0,0,7716.0,0.39,0.31,2392.0,0
100385,42,Mass,North,22,80000,19237.0,18,0,0,22135.0,0.28,0.67,14830.0,0
100386,43,Mass,South,68,20000,12780.0,12,0,0,50192.0,2.51,0.17,8533.0,0
100387,22,Starter,South,69,50000,19198.0,22,0,0,23453.0,0.47,0.4,9381.0,0
100388,47,Mass,North,165,20000,31503.0,16,0,1,47930.0,2.4,0.29,13900.0,0
100389,62,Starter,North,49,80000,23911.0,20,30,0,30153.0,0.38,0.72,21710.0,1
100390,22,Mass,East,141,20000,8301.0,22,0,1,14298.0,0.71,0.17,2431.0,0
100391,46,Mass,West,162,50000,17052.0,21,0,1,32606.0,0.65,0.17,5543.0,0
100392,37,Mass,East,109,120000,11158.0,24,0,0,27231.0,0.23,0.18,4902.0,0
100393,60,Starter,South,86,20000,14705.0,21,0,0,4873.0,0.24,0.25,1218.0,0
100394,53,Mass,East,53,50000,14484.0,26,30,0,24651.0,0.49,0.3,7395.0,1
100395,29,Starter,East,123,50000,13940.0,22,0,0,10542.0,0.21,0.48,5060.0,0
100396,63,Affluent,East,87,20000,7331.0,23,0,0,34917.0,1.75,0.52,18157.0,0
100397,68,Mass,East,179,80000,16915.0,12,0,0,26519.0,0.33,0.22,5834.0,0
100398,59,Mass,West,131,20000,13235.0,17,0,0,40396.0,2.02,0.35,14139.0,0
100399,49,Starter,West,42,50000,1000.0,26,0,0,3070.0,0.06,0.75,2302.0,0
100400,62,Affluent,North,98,80000,35450.0,16,0,0,28185.0,0.35,0.68,19166.0,0
100401,46,Starter,South,160,80000,27255.0,16,0,0,11285.0,0.14,0.09,1016.0,0
100402,55,Starter,East,109,80000,14801.0,18,0,0,0.0,0.0,0.12,0.0,0
100403,45,Mass,North,51,50000,18160.0,18,0,0,50868.0,1.02,0.2,10174.0,0
100404,44,Starter,North,85,20000,8041.0,12,0,0,7292.0,0.36,0.43,3136.0,0
100405,33,Affluent,North,174,80000,32414.0,12,0,0,69185.0,0.86,0.31,21447.0,0
100406,27,Mass,West,127,50000,34127.0,22,0,0,41378.0,0.83,0.19,7862.0,0
100407,56,Starter,East,21,120000,19332.0,23,0,0,21622.0,0.18,0.13,2811.0,0
100408,65,Mass,East,44,120000,26700.0,17,0,0,801.0,0.01,0.5,400.0,0
100409,40,Affluent,South,139,120000,19490.0,23,0,0,30851.0,0.26,0.48,14808.0,0
100410,21,Affluent,East,103,50000,6638.0,26,0,0,89197.0,1.78,0.5,44598.0,0
100411,28,Mass,East,68,50000,14500.0,16,0,0,45508.0,0.91,0.29,13197.0,0
100412,66,Affluent,North,129,80000,19121.0,25,0,1,28298.0,0.35,0.7,19809.0,0
100413,36,Affluent,South,92,50000,14136.0,25,0,0,78058.0,1.56,0.32,24979.0,0
100414,34,Mass,East,24,20000,16141.0,18,0,0,40018.0,2.0,0.55,22010.0,0
100415,32,Starter,West,125,120000,17223.0,17,0,0,8215.0,0.07,0.24,1972.0,0
100416,43,Mass,East,141,120000,17313.0,25,0,0,44101.0,0.37,0.45,19845.0,0
100417,35,Affluent,North,111,50000,18444.0,30,0,0,41553.0,0.83,0.71,29503.0,0
100418,48,Starter,West,98,20000,8985.0,18,0,0,16104.0,0.81,0.47,7569.0,0
100419,54,Affluent,North,139,50000,11905.0,21,0,1,70557.0,1.41,0.48,33867.0,0
100420,22,Starter,East,179,120000,7081.0,22,0,0,7290.0,0.06,0.23,1677.0,0
100421,52,Starter,West,17,120000,26311.0,21,0,0,25008.0,0.21,0.67,16755.0,0
100422,43,Mass,South,99,20000,1000.0,16,0,0,42700.0,2.13,0.46,19642.0,0
100423,42,Starter,South,82,20000,27806.0,20,0,0,6524.0,0.33,0.24,1566.0,0
100424,45,Affluent,West,104,120000,29784.0,17,0,0,65618.0,0.55,0.35,22966.0,0
100425,42,Affluent,West,152,50000,15431.0,15,0,0,39239.0,0.78,0.56,21974.0,0
100426,42,Affluent,North,19,50000,1000.0,26,0,0,53620.0,1.07,0.63,33781.0,0
100427,69,Mass,West,165,200000,14929.0,23,0,0,0.0,0.0,0.66,0.0,0
100428,62,Starter,North,85,20000,17454.0,23,0,0,10340.0,0.52,0.16,1654.0,0
100429,26,Mass,East,8,80000,9410.0,20,0,0,24791.0,0.31,0.37,9173.0,0
100430,35,Mass,North,28,20000,13621.0,24,60,0,13346.0,0.67,0.32,4271.0,1
100431,63,Mass,West,5,50000,31007.0,30,60,0,2491.0,0.05,0.24,598.0,1
100432,57,Starter,West,145,120000,23652.0,23,0,0,19583.0,0.16,0.51,9987.0,0
100433,53,Mass,East,101,50000,10141.0,26,0,1,25083.0,0.5,0.75,18812.0,0
100434,28,Mass,West,164,200000,4420.0,17,0,0,37988.0,0.19,0.31,11776.0,0
100435,64,Affluent,West,118,80000,15220.0,25,0,0,0.0,0.0,0.23,0.0,0
100436,64,Affluent,South,147,50000,16186.0,21,0,0,33695.0,0.67,0.54,18195.0,0
100437,25,Mass,South,64,20000,22218.0,20,0,0,12466.0,0.62,0.36,4488.0,0
100438,59,Mass,East,91,50000,13450.0,21,0,0,41216.0,0.82,0.09,3709.0,0
100439,24,Mass,North,117,50000,22348.0,24,0,1,28709.0,0.57,0.11,3158.0,0
100440,26,Starter,South,98,20000,34449.0,27,0,0,29777.0,1.49,0.34,10124.0,0
100441,65,Affluent,North,11,50000,24932.0,27,0,0,22161.0,0.44,0.25,5540.0,0
100442,52,Affluent,West,54,50000,17591.0,19,0,0,46198.0,0.92,0.23,10626.0,0
100443,50,Mass,South,173,80000,16443.0,20,60,0,32428.0,0.41,0.33,10701.0,1
100444,67,Mass,East,47,80000,14968.0,13,0,0,17808.0,0.22,0.24,4274.0,0
100445,55,Starter,East,140,80000,28035.0,23,0,0,23234.0,0.29,0.25,5808.0,0
100446,60,Mass,East,149,20000,12668.0,18,0,1,24407.0,1.22,0.12,2929.0,0
100447,36,Starter,South,139,20000,18384.0,27,0,0,20044.0,1.0,0.44,8819.0,0
100448,33,Affluent,North,5,80000,18435.0,27,0,0,60707.0,0.76,0.76,46137.0,0
100449,62,Starter,West,20,50000,13735.0,26,0,0,0.0,0.0,0.03,0.0,0
100450,50,Mass,North,169,20000,6334.0,17,0,0,33930.0,1.7,0.33,11197.0,0
100451,39,Affluent,North,46,120000,20745.0,28,0,1,13939.0,0.12,0.38,5297.0,0
100452,37,Mass,West,12,80000,17481.0,35,0,0,48204.0,0.6,0.48,23138.0,0
100453,39,Starter,West,70,50000,22252.0,16,30,0,21186.0,0.42,0.15,3178.0,1
100454,48,Starter,South,17,20000,13464.0,33,0,0,34857.0,1.74,0.36,12549.0,0
100455,46,Starter,South,115,80000,28377.0,20,60,0,16235.0,0.2,0.44,7143.0,1
100456,57,Mass,South,147,80000,10547.0,25,0,0,32435.0,0.41,0.62,20110.0,0
100457,46,Starter,South,154,80000,32552.0,26,0,0,12408.0,0.16,0.37,4591.0,0
100458,43,Mass,South,48,80000,3145.0,22,0,0,615.0,0.01,0.54,332.0,0
100459,29,Affluent,West,108,120000,21696.0,20,0,0,64064.0,0.53,0.51,32673.0,0
100460,32,Starter,North,52,50000,22041.0,20,0,0,16202.0,0.32,0.62,10045.0,0
100461,21,Affluent,South,96,20000,11238.0,22,0,1,32416.0,1.62,0.37,11994.0,0
100462,21,Affluent,South,70,80000,21607.0,20,0,0,30866.0,0.39,0.08,2469.0,0
100463,67,Starter,North,102,80000,28876.0,24,0,0,19575.0,0.24,0.66,12920.0,0
100464,54,Affluent,South,75,80000,1000.0,19,0,0,46677.0,0.58,0.12,5601.0,0
100465,52,Mass,North,161,20000,22273.0,25,0,0,34335.0,1.72,0.32,10987.0,0
100466,68,Affluent,North,151,20000,1000.0,24,0,0,21452.0,1.07,0.56,12013.0,0
100467,45,Mass,West,143,120000,9792.0,24,0,0,26936.0,0.22,0.31,8350.0,0
100468,60,Mass,East,155,80000,31848.0,23,0,0,22972.0,0.29,0.75,17229.0,0
100469,65,Mass,West,179,120000,13055.0,14,0,0,1832.0,0.02,0.28,513.0,0
100470,21,Affluent,East,82,80000,8022.0,32,0,0,54329.0,0.68,0.42,22818.0,0
100471,36,Mass,East,92,80000,16318.0,21,0,0,25247.0,0.32,0.37,9341.0,0
100472,59,Mass,East,179,80000,35577.0,22,0,0,26276.0,0.33,0.42,11036.0,0
100473,25,Affluent,South,175,120000,2431.0,18,0,0,48660.0,0.41,0.18,8759.0,0
100474,42,Starter,West,4,80000,9064.0,17,0,0,604.0,0.01,0.54,326.0,0
100475,49,Starter,East,135,80000,30728.0,21,0,0,16398.0,0.2,0.36,5903.0,0
100476,23,Starter,North,109,20000,33790.0,18,0,0,17385.0,0.87,0.58,10083.0,0
100477,32,Mass,South,163,50000,17121.0,24,60,0,34010.0,0.68,0.23,7822.0,1
100478,46,Starter,West,48,80000,7468.0,21,0,1,32817.0,0.41,0.62,20347.0,0
100479,36,Affluent,East,73,50000,35815.0,23,0,0,27371.0,0.55,0.09,2463.0,0
100480,57,Starter,North,72,20000,31553.0,22,0,0,14475.0,0.72,0.62,8974.0,0
100481,42,Mass,West,116,50000,23771.0,32,0,0,14551.0,0.29,0.33,4802.0,0
100482,49,Starter,West,173,20000,11095.0,13,0,0,19337.0,0.97,0.38,7348.0,0
100483,34,Affluent,South,81,20000,17583.0,18,0,0,45687.0,2.28,0.26,11879.0,0
100484,48,Affluent,West,81,50000,16637.0,21,60,0,37750.0,0.76,0.4,15100.0,1
100485,25,Mass,South,113,120000,20812.0,20,0,0,41845.0,0.35,0.18,7532.0,0
100486,67,Affluent,East,96,50000,30334.0,22,30,1,58494.0,1.17,0.43,25152.0,1
100487,69,Starter,South,72,20000,25475.0,24,0,0,24879.0,1.24,0.31,7712.0,0
100488,50,Affluent,North,147,20000,8842.0,17,0,0,29102.0,1.46,0.46,13387.0,0
100489,66,Starter,South,63,80000,29700.0,23,0,1,24178.0,0.3,0.26,6286.0,0
100490,25,Affluent,North,38,50000,20662.0,21,0,0,48081.0,0.96,0.56,26925.0,0
100491,32,Starter,South,67,120000,23840.0,23,0,0,8432.0,0.07,0.79,6661.0,0
100492,36,Mass,West,69,80000,30466.0,19,90,0,10680.0,0.13,0.42,4486.0,1
100493,46,Mass,East,13,80000,8552.0,14,0,0,12015.0,0.15,0.47,5647.0,0
100494,46,Starter,North,175,50000,17695.0,26,0,0,4602.0,0.09,0.22,1012.0,0
100495,68,Starter,South,31,80000,13483.0,22,0,0,33487.0,0.42,0.36,12055.0,0
100496,41,Starter,South,114,50000,4673.0,21,0,0,1924.0,0.04,0.31,596.0,0
100497,59,Mass,South,22,120000,20947.0,19,0,0,25875.0,0.22,0.57,14749.0,0
100498,56,Mass,West,93,80000,39348.0,22,0,0,32535.0,0.41,0.41,13339.0,0
100499,53,Starter,West,171,50000,2359.0,11,0,0,20991.0,0.42,0.11,2309.0,0
100500,50,Mass,North,67,50000,17726.0,28,0,0,21939.0,0.44,0.26,5704.0,0
100501,57,Starter,North,54,20000,23445.0,17,0,1,5315.0,0.27,0.87,4624.0,0
100502,43,Affluent,West,138,80000,19046.0,20,0,0,39657.0,0.5,0.54,21415.0,0
100503,30,Starter,North,42,20000,17038.0,26,60,0,22701.0,1.14,0.07,1589.0,1
100504,25,Starter,East,64,80000,6957.0,12,0,0,30061.0,0.38,0.58,17435.0,0
100505,56,Starter,East,126,50000,19979.0,21,0,0,10612.0,0.21,0.26,2759.0,0
100506,54,Mass,West,21,80000,11568.0,32,0,0,22787.0,0.28,0.56,12761.0,0
100507,51,Affluent,North,169,120000,1000.0,19,0,0,42931.0,0.36,0.58,24900.0,0
100508,30,Mass,South,152,80000,28154.0,28,0,1,47219.0,0.59,0.3,14166.0,0
100509,39,Starter,East,35,80000,26146.0,26,0,1,13863.0,0.17,0.62,8595.0,0
100510,52,Mass,West,30,20000,18439.0,23,0,1,30333.0,1.52,0.4,12133.0,0
100511,21,Mass,North,57,20000,19947.0,16,0,1,9057.0,0.45,0.31,2808.0,0
100512,25,Starter,West,47,80000,27132.0,19,0,0,18051.0,0.23,0.46,8303.0,0
100513,65,Mass,South,163,50000,19907.0,25,0,0,29608.0,0.59,0.39,11547.0,0
100514,24,Affluent,East,19,50000,25684.0,23,0,1,48330.0,0.97,0.64,30931.0,0
100515,36,Starter,West,114,20000,15471.0,13,0,0,29056.0,1.45,0.29,8426.0,0
100516,44,Mass,West,8,50000,29152.0,21,0,1,43329.0,0.87,0.2,8666.0,0
100517,36,Mass,West,26,20000,20727.0,29,0,0,38998.0,1.95,0.66,25739.0,0
100518,22,Mass,South,113,120000,19649.0,24,30,0,48672.0,0.41,0.54,26283.0,1
100519,69,Starter,West,71,20000,7204.0,18,0,0,6418.0,0.32,0.4,2567.0,0
100520,48,Starter,South,30,80000,20439.0,32,0,1,9537.0,0.12,0.27,2575.0,0
100521,52,Affluent,South,135,20000,10928.0,27,0,0,44234.0,2.21,0.47,20790.0,0
100522,47,Affluent,South,67,80000,12575.0,22,0,0,61375.0,0.77,0.36,22095.0,0
100523,40,Mass,East,65,50000,11069.0,31,60,0,50986.0,1.02,0.53,27023.0,1
100524,44,Mass,East,36,120000,8937.0,24,0,0,34308.0,0.29,0.16,5489.0,0
100525,32,Mass,West,25,120000,36061.0,22,0,0,55722.0,0.46,0.52,28975.0,0
100526,55,Mass,West,37,50000,29316.0,22,0,0,36100.0,0.72,0.51,18411.0,0
100527,53,Mass,East,1,120000,34323.0,23,0,0,43933.0,0.37,0.39,17134.0,0
100528,53,Starter,North,143,200000,7605.0,24,60,0,15892.0,0.08,0.31,4927.0,1
100529,63,Affluent,East,37,120000,18606.0,17,0,0,27223.0,0.23,0.26,7078.0,0
100530,57,Mass,South,141,120000,7005.0,32,0,0,41664.0,0.35,0.21,8749.0,0
100531,32,Affluent,East,136,20000,12087.0,21,0,0,24717.0,1.24,0.57,14089.0,0
100532,23,Starter,South,133,80000,10196.0,23,0,0,19338.0,0.24,0.54,10443.0,0
100533,21,Starter,West,128,20000,28536.0,21,0,1,7469.0,0.37,0.46,3436.0,0
100534,53,Starter,North,127,20000,14632.0,35,0,0,3771.0,0.19,0.7,2640.0,0
100535,60,Mass,West,1,200000,27081.0,20,60,0,0.0,0.0,0.4,0.0,1
100536,30,Affluent,South,164,50000,23135.0,18,0,0,21395.0,0.43,0.39,8344.0,0
100537,63,Starter,South,35,80000,37581.0,17,0,0,21992.0,0.27,0.35,7697.0,0
100538,64,Affluent,South,104,120000,5425.0,22,30,0,44721.0,0.37,0.47,21019.0,1
100539,49,Mass,North,23,120000,28703.0,28,0,0,37083.0,0.31,0.63,23362.0,0
100540,33,Affluent,East,9,200000,27745.0,22,0,0,62705.0,0.31,0.29,18184.0,0
100541,32,Starter,West,34,20000,9726.0,18,0,0,19728.0,0.99,0.44,8680.0,0
100542,51,Affluent,West,174,20000,26561.0,26,0,0,26070.0,1.3,0.27,7039.0,0
100543,66,Mass,East,128,50000,20857.0,20,0,0,36557.0,0.73,0.35,12795.0,0
100544,22,Starter,West,4,20000,16066.0,23,30,0,3503.0,0.18,0.14,490.0,1
100545,55,Starter,North,158,20000,10997.0,30,0,0,18243.0,0.91,0.13,2372.0,0
100546,43,Affluent,West,102,50000,11888.0,14,0,0,56700.0,1.13,0.4,22680.0,0
100547,37,Affluent,South,75,80000,35423.0,24,0,1,50624.0,0.63,0.4,20250.0,0
100548,46,Starter,East,99,80000,18006.0,21,0,0,12264.0,0.15,0.3,3679.0,0
100549,28,Mass,North,72,50000,24648.0,17,0,0,5152.0,0.1,0.5,2576.0,0
100550,49,Affluent,East,3,80000,11277.0,35,0,0,42551.0,0.53,0.33,14042.0,0
100551,46,Affluent,North,142,20000,11371.0,22,60,1,26830.0,1.34,0.35,9390.0,1
100552,30,Affluent,South,173,20000,27197.0,23,0,0,57082.0,2.85,0.19,10846.0,0
100553,46,Mass,East,34,80000,6529.0,16,0,0,18835.0,0.24,0.45,8476.0,0
100554,54,Mass,West,45,80000,14471.0,20,0,0,39945.0,0.5,0.63,25165.0,0
100555,61,Mass,North,61,80000,18289.0,23,0,1,27976.0,0.35,0.42,11750.0,0
100556,27,Mass,East,83,20000,18947.0,26,0,0,25342.0,1.27,0.24,6082.0,0
100557,24,Mass,West,123,120000,16478.0,20,0,0,31733.0,0.26,0.35,11107.0,0
100558,65,Mass,East,102,80000,21364.0,18,0,0,22133.0,0.28,0.26,5755.0,0
100559,31,Starter,East,16,80000,23889.0,17,0,0,17262.0,0.22,0.41,7077.0,0
100560,49,Affluent,East,66,80000,24244.0,16,0,0,44496.0,0.56,0.23,10234.0,0
100561,56,Mass,North,168,120000,9621.0,25,0,0,24281.0,0.2,0.33,8013.0,0
100562,45,Mass,West,145,80000,15585.0,20,0,0,20800.0,0.26,0.57,11856.0,0
100563,41,Mass,South,119,80000,28155.0,23,0,0,20260.0,0.25,0.3,6078.0,0
100564,56,Mass,North,162,200000,25605.0,14,0,0,34253.0,0.17,0.26,8906.0,0
100565,30,Starter,North,124,80000,6331.0,30,0,0,15342.0,0.19,0.41,6290.0,0
100566,57,Starter,North,144,50000,20988.0,20,0,0,6454.0,0.13,0.68,4389.0,0
100567,29,Starter,South,102,80000,1185.0,25,0,0,10430.0,0.13,0.69,7197.0,0
100568,44,Starter,West,66,50000,18399.0,24,0,0,918.0,0.02,0.23,211.0,0
100569,55,Mass,West,13,20000,34131.0,22,0,0,23574.0,1.18,0.54,12730.0,0
100570,69,Mass,West,111,80000,9943.0,17,0,0,21057.0,0.26,0.22,4633.0,0
100571,55,Starter,East,159,120000,10908.0,21,0,0,4029.0,0.03,0.65,2619.0,0
100572,68,Mass,East,34,120000,24494.0,20,0,0,36607.0,0.31,0.8,29286.0,0
100573,56,Starter,East,39,50000,4886.0,26,0,0,20025.0,0.4,0.57,11414.0,0
100574,38,Affluent,South,136,50000,12622.0,15,90,0,29761.0,0.6,0.51,15178.0,1
100575,69,Affluent,East,120,20000,23070.0,30,0,0,42166.0,2.11,0.32,13493.0,0
100576,59,Starter,South,126,200000,12609.0,22,0,0,13312.0,0.07,0.41,5458.0,0
100577,52,Mass,West,55,200000,15994.0,20,0,0,38065.0,0.19,0.75,28549.0,0
100578,44,Starter,East,27,80000,24326.0,22,30,0,13979.0,0.17,0.35,4893.0,1
100579,43,Mass,East,118,120000,21583.0,16,0,1,42085.0,0.35,0.09,3788.0,0
100580,52,Mass,North,53,80000,20268.0,31,0,0,27042.0,0.34,0.43,11628.0,0
100581,57,Starter,South,39,80000,15117.0,28,0,1,30193.0,0.38,0.45,13587.0,0
100582,32,Mass,West,65,20000,21146.0,18,0,0,13016.0,0.65,0.11,1432.0,0
100583,69,Starter,North,145,50000,16948.0,15,0,1,4689.0,0.09,0.03,141.0,0
100584,33,Starter,North,158,80000,21891.0,17,0,0,9869.0,0.12,0.29,2862.0,0
100585,43,Mass,West,13,80000,13776.0,22,0,0,11520.0,0.14,0.16,1843.0,0
100586,45,Mass,North,21,50000,16448.0,15,0,0,28669.0,0.57,0.19,5447.0,0
100587,55,Mass,South,147,120000,9585.0,22,0,0,37468.0,0.31,0.29,10866.0,0
100588,61,Mass,South,53,20000,17702.0,27,0,1,10732.0,0.54,0.35,3756.0,0
100589,50,Affluent,East,19,50000,11106.0,27,0,0,35585.0,0.71,0.54,19216.0,0
100590,37,Starter,North,57,80000,8531.0,23,0,0,12994.0,0.16,0.55,7147.0,0
100591,69,Mass,East,25,80000,20199.0,21,0,1,46864.0,0.59,0.29,13591.0,0
100592,40,Mass,North,31,80000,19808.0,24,0,0,19998.0,0.25,0.5,9999.0,0
100593,68,Mass,South,81,50000,24654.0,24,30,0,12601.0,0.25,0.27,3402.0,1
100594,45,Affluent,South,23,20000,14335.0,29,0,0,39948.0,2.0,0.65,25966.0,0
100595,42,Mass,South,32,80000,21468.0,14,0,1,26573.0,0.33,0.55,14615.0,0
100596,33,Mass,North,74,80000,22682.0,22,0,0,22173.0,0.28,0.15,3326.0,0
100597,39,Mass,South,10,20000,21781.0,19,0,0,24760.0,1.24,0.38,9409.0,0
100598,69,Affluent,North,54,80000,10982.0,19,0,0,47800.0,0.6,0.15,7170.0,0
100599,56,Affluent,East,52,50000,19270.0,18,0,0,46078.0,0.92,0.47,21657.0,0
100600,32,Mass,North,148,80000,21095.0,18,0,0,27008.0,0.34,0.9,24307.0,0
100601,61,Mass,East,160,120000,18061.0,16,0,1,2362.0,0.02,0.24,567.0,0
100602,39,Starter,North,114,20000,1000.0,23,0,1,4168.0,0.21,0.42,1751.0,0
100603,32,Starter,East,14,20000,19364.0,20,0,0,17336.0,0.87,0.4,6934.0,0
100604,29,Mass,South,178,80000,36807.0,29,0,0,52154.0,0.65,0.26,13560.0,0
100605,27,Starter,East,156,80000,14940.0,20,0,0,6638.0,0.08,0.52,3452.0,0
100606,48,Mass,South,110,80000,11811.0,16,0,0,876.0,0.01,0.91,797.0,0
100607,34,Starter,South,53,120000,21173.0,20,0,0,25773.0,0.21,0.32,8247.0,0
100608,51,Mass,East,152,120000,20655.0,18,0,1,33198.0,0.28,0.31,10291.0,0
100609,39,Mass,North,79,200000,28138.0,16,0,0,12874.0,0.06,0.7,9012.0,0
100610,67,Affluent,North,22,50000,7308.0,24,0,0,64964.0,1.3,0.34,22088.0,0
100611,36,Starter,West,30,50000,24217.0,23,0,0,17725.0,0.35,0.48,8508.0,0
100612,25,Mass,North,4,50000,23019.0,24,0,0,49212.0,0.98,0.14,6890.0,0
100613,55,Affluent,West,59,20000,16792.0,28,0,0,89129.0,4.46,0.33,29413.0,0
100614,32,Starter,North,8,80000,20879.0,25,0,0,18070.0,0.23,0.12,2168.0,0
100615,45,Affluent,North,12,50000,26750.0,20,0,1,0.0,0.0,0.26,0.0,0
100616,41,Mass,South,119,120000,25415.0,23,0,1,20859.0,0.17,0.26,5423.0,0
100617,56,Mass,West,159,80000,8284.0,26,0,0,20641.0,0.26,0.45,9288.0,0
100618,43,Affluent,North,34,80000,24971.0,24,0,1,28970.0,0.36,0.56,16223.0,0
100619,36,Starter,West,82,50000,17450.0,23,0,0,14994.0,0.3,0.47,7047.0,0
100620,59,Mass,South,98,20000,18619.0,24,0,0,2428.0,0.12,0.08,194.0,0
100621,65,Affluent,South,127,20000,18622.0,27,0,0,57245.0,2.86,0.21,12021.0,0
100622,62,Starter,West,75,50000,16723.0,23,0,0,0.0,0.0,0.32,0.0,0
100623,59,Mass,South,105,20000,28130.0,20,0,1,31709.0,1.59,0.4,12684.0,0
100624,34,Affluent,East,49,80000,17288.0,21,0,0,51863.0,0.65,0.07,3630.0,0
100625,51,Starter,East,79,120000,8484.0,31,0,0,11890.0,0.1,0.67,7966.0,0
100626,25,Affluent,South,93,120000,14655.0,15,0,0,57831.0,0.48,0.27,15614.0,0
100627,55,Mass,East,154,80000,19519.0,25,0,0,46198.0,0.58,0.22,10164.0,0
100628,43,Mass,North,18,20000,28448.0,28,0,0,35993.0,1.8,0.42,15117.0,0
100629,49,Mass,West,96,120000,23126.0,14,0,0,18741.0,0.16,0.11,2062.0,0
100630,63,Starter,North,38,120000,10770.0,18,0,0,5350.0,0.04,0.15,802.0,0
100631,31,Affluent,West,87,20000,39124.0,26,0,0,74710.0,3.74,0.39,29137.0,0
100632,38,Affluent,South,88,80000,20251.0,27,0,0,4051.0,0.05,0.38,1539.0,0
100633,67,Mass,North,50,50000,28841.0,23,0,0,14498.0,0.29,0.63,9134.0,0
100634,32,Mass,South,8,120000,16710.0,20,0,0,21798.0,0.18,0.1,2180.0,0
100635,29,Mass,South,169,200000,22534.0,21,0,0,32296.0,0.16,0.7,22607.0,0
100636,30,Mass,West,134,20000,25135.0,31,0,1,25171.0,1.26,0.36,9062.0,0
100637,64,Mass,West,69,120000,28355.0,17,0,0,42084.0,0.35,0.27,11363.0,0
100638,37,Mass,West,172,80000,26988.0,32,0,0,5053.0,0.06,0.35,1769.0,0
100639,58,Mass,North,121,200000,25414.0,17,30,0,5586.0,0.03,0.75,4190.0,1
100640,27,Mass,East,64,50000,15322.0,23,0,0,30713.0,0.61,0.33,10135.0,0
100641,66,Mass,West,157,120000,13140.0,25,30,0,20627.0,0.17,0.48,9901.0,1
100642,33,Starter,West,156,20000,20827.0,19,60,0,15868.0,0.79,0.15,2380.0,1
100643,60,Starter,North,139,50000,25932.0,19,0,0,9672.0,0.19,0.29,2805.0,0
100644,62,Mass,West,121,20000,16107.0,27,0,0,28293.0,1.41,0.59,16693.0,0
100645,29,Mass,North,65,200000,27054.0,19,0,0,27209.0,0.14,0.25,6802.0,0
100646,47,Mass,South,107,120000,30347.0,17,0,0,37802.0,0.32,0.55,20791.0,0
100647,22,Mass,West,147,120000,10211.0,28,0,0,29034.0,0.24,0.34,9872.0,0
100648,25,Mass,West,137,120000,10886.0,24,90,0,26011.0,0.22,0.78,20289.0,1
100649,49,Mass,South,155,20000,16807.0,21,0,0,45655.0,2.28,0.73,33328.0,0
100650,57,Mass,South,162,50000,20615.0,25,0,0,8313.0,0.17,0.48,3990.0,0
100651,58,Mass,South,172,20000,13541.0,20,0,0,36046.0,1.8,0.15,5407.0,0
100652,39,Mass,West,100,20000,29494.0,22,0,0,2933.0,0.15,0.07,205.0,0
100653,28,Affluent,East,82,20000,21605.0,31,0,0,77317.0,3.87,0.13,10051.0,0
100654,68,Mass,East,143,50000,18335.0,28,0,0,9810.0,0.2,0.26,2551.0,0
100655,65,Starter,East,51,50000,5795.0,27,0,0,31857.0,0.64,0.57,18158.0,0
100656,21,Starter,West,141,20000,6816.0,20,0,0,8538.0,0.43,0.2,1708.0,0
100657,42,Starter,South,83,20000,20389.0,21,0,0,10214.0,0.51,0.46,4698.0,0
100658,37,Mass,West,177,20000,1000.0,34,0,0,11399.0,0.57,0.28,3192.0,0
100659,27,Mass,South,112,200000,26607.0,15,0,0,23505.0,0.12,0.45,10577.0,0
100660,45,Mass,West,56,80000,16656.0,12,0,0,16548.0,0.21,0.42,6950.0,0
100661,65,Mass,West,179,200000,45566.0,18,0,0,33752.0,0.17,0.27,9113.0,0
100662,24,Starter,South,165,50000,37617.0,21,0,0,21314.0,0.43,0.1,2131.0,0
100663,56,Mass,East,145,50000,16458.0,25,0,0,47947.0,0.96,0.3,14384.0,0
100664,26,Starter,South,157,80000,17096.0,20,0,0,15061.0,0.19,0.45,6777.0,0
100665,51,Mass,North,161,50000,26462.0,26,0,0,15902.0,0.32,0.32,5089.0,0
100666,39,Starter,North,60,50000,32477.0,22,0,0,24944.0,0.5,0.19,4739.0,0
100667,64,Affluent,South,120,20000,4077.0,28,0,0,7394.0,0.37,0.28,2070.0,0
100668,59,Starter,West,138,20000,2816.0,22,0,0,7316.0,0.37,0.72,5268.0,0
100669,47,Affluent,North,175,50000,12713.0,18,0,0,47299.0,0.95,0.48,22704.0,0
100670,30,Mass,North,23,50000,22953.0,17,0,0,20869.0,0.42,0.36,7513.0,0
100671,46,Affluent,West,149,80000,22223.0,24,0,0,67434.0,0.84,0.14,9441.0,0
100672,39,Mass,West,13,20000,27093.0,31,60,1,11562.0,0.58,0.53,6128.0,1
100673,59,Mass,East,101,20000,7803.0,22,0,0,69526.0,3.48,0.57,39630.0,0
100674,23,Mass,West,161,120000,1000.0,29,0,0,24227.0,0.2,0.58,14052.0,0
100675,65,Mass,South,24,20000,25293.0,20,0,0,0.0,0.0,0.33,0.0,0
100676,33,Mass,South,108,50000,10960.0,30,0,0,50406.0,1.01,0.79,39821.0,0
100677,48,Mass,East,11,120000,1000.0,15,0,0,37166.0,0.31,0.52,19326.0,0
100678,40,Mass,North,17,20000,19233.0,30,0,0,16503.0,0.83,0.25,4126.0,0
100679,48,Starter,North,175,20000,24742.0,21,0,0,22637.0,1.13,0.22,4980.0,0
100680,28,Mass,West,25,50000,16963.0,23,0,0,38102.0,0.76,0.3,11431.0,0
100681,61,Mass,South,94,50000,14108.0,29,60,0,24296.0,0.49,0.32,7775.0,1
100682,59,Mass,North,21,80000,16645.0,24,0,0,0.0,0.0,0.21,0.0,0
100683,21,Mass,East,84,120000,14850.0,30,0,0,54809.0,0.46,0.64,35078.0,0
100684,23,Mass,East,140,20000,6542.0,33,0,0,21490.0,1.07,0.21,4513.0,0
100685,33,Affluent,South,37,80000,11925.0,22,0,1,15467.0,0.19,0.41,6341.0,0
100686,48,Starter,East,42,50000,22431.0,20,0,1,11096.0,0.22,0.53,5881.0,0
100687,69,Mass,East,145,20000,20734.0,22,0,1,12985.0,0.65,0.33,4285.0,0
100688,45,Mass,South,101,80000,19429.0,24,0,0,43498.0,0.54,0.43,18704.0,0
100689,53,Mass,West,48,50000,9541.0,28,0,1,18228.0,0.36,0.62,11301.0,0
100690,58,Affluent,West,103,50000,16457.0,17,0,0,52561.0,1.05,0.09,4730.0,0
100691,26,Starter,East,28,20000,1000.0,26,0,0,16184.0,0.81,0.23,3722.0,0
100692,64,Mass,West,41,50000,19517.0,26,0,0,33965.0,0.68,0.66,22417.0,0
100693,65,Mass,West,99,50000,30145.0,19,0,0,21059.0,0.42,0.05,1053.0,0
100694,52,Mass,East,47,120000,5470.0,17,0,0,23394.0,0.19,0.55,12867.0,0
100695,65,Mass,West,146,20000,13020.0,16,0,0,45153.0,2.26,0.82,37025.0,0
100696,67,Mass,East,105,50000,20797.0,21,0,0,29597.0,0.59,0.08,2368.0,0
100697,41,Mass,North,124,50000,28649.0,31,0,0,15351.0,0.31,0.22,3377.0,0
100698,36,Mass,South,13,80000,14190.0,22,0,0,38530.0,0.48,0.64,24659.0,0
100699,41,Starter,South,141,80000,12116.0,27,0,0,16215.0,0.2,0.24,3892.0,0
100700,31,Mass,West,100,80000,1264.0,19,0,0,0.0,0.0,0.29,0.0,0
100701,57,Starter,West,31,80000,18879.0,18,0,0,14064.0,0.18,0.51,7173.0,0
100702,56,Mass,West,130,120000,35358.0,18,0,0,33877.0,0.28,0.36,12196.0,0
100703,55,Mass,South,16,50000,20358.0,18,0,0,28302.0,0.57,0.23,6509.0,0
100704,39,Mass,North,137,50000,17811.0,28,0,0,41376.0,0.83,0.34,14068.0,0
100705,40,Mass,North,73,120000,20738.0,17,0,0,17914.0,0.15,0.12,2150.0,0
100706,38,Starter,South,166,200000,17906.0,19,0,0,1080.0,0.01,0.07,76.0,0
100707,67,Mass,North,54,120000,11089.0,20,0,0,4496.0,0.04,0.43,1933.0,0
100708,61,Mass,South,100,50000,24998.0,24,0,0,34106.0,0.68,0.33,11255.0,0
100709,69,Mass,North,109,20000,19919.0,31,0,0,57296.0,2.86,0.08,4584.0,0
100710,34,Affluent,East,87,50000,18150.0,18,0,0,65550.0,1.31,0.22,14421.0,0
100711,35,Starter,East,173,80000,9709.0,24,0,0,0.0,0.0,0.16,0.0,0
100712,51,Mass,South,162,50000,29080.0,21,0,1,17350.0,0.35,0.62,10757.0,0
100713,21,Mass,North,137,50000,23650.0,25,0,0,29950.0,0.6,0.12,3594.0,0
100714,23,Mass,West,8,120000,13300.0,19,0,0,12054.0,0.1,0.53,6389.0,0
100715,36,Starter,North,7,50000,26516.0,21,0,0,34075.0,0.68,0.33,11245.0,0
100716,43,Starter,East,36,120000,13771.0,32,0,1,5226.0,0.04,0.43,2247.0,0
100717,31,Affluent,East,18,50000,11353.0,19,0,0,30569.0,0.61,0.44,13450.0,0
100718,32,Mass,North,3,50000,11543.0,22,30,0,1474.0,0.03,0.24,354.0,1
100719,30,Mass,North,28,50000,2946.0,24,0,0,42928.0,0.86,0.73,31337.0,0
100720,52,Mass,West,70,80000,22008.0,23,0,0,42061.0,0.53,0.28,11777.0,0
100721,36,Mass,West,172,20000,2435.0,16,0,0,40452.0,2.02,0.37,14967.0,0
100722,28,Starter,North,149,20000,7558.0,29,0,0,18862.0,0.94,0.17,3207.0,0
100723,58,Mass,North,28,200000,1000.0,26,0,0,31303.0,0.16,0.5,15652.0,0
100724,32,Mass,North,54,20000,17268.0,21,0,0,43486.0,2.17,0.09,3914.0,0
100725,44,Affluent,North,65,80000,16722.0,27,0,0,26947.0,0.34,0.34,9162.0,0
100726,48,Starter,South,100,80000,15223.0,22,0,0,9776.0,0.12,0.37,3617.0,0
100727,28,Mass,North,21,50000,9138.0,22,30,0,44172.0,0.88,0.26,11485.0,1
100728,48,Mass,West,13,80000,8036.0,33,0,1,26707.0,0.33,0.43,11484.0,0
100729,56,Mass,East,57,20000,21947.0,19,0,0,26055.0,1.3,0.63,16415.0,0
100730,46,Mass,South,49,80000,13320.0,27,0,0,4952.0,0.06,0.02,99.0,0
100731,28,Mass,North,118,50000,20689.0,24,0,0,23728.0,0.47,0.44,10440.0,0
100732,48,Mass,East,54,80000,10475.0,17,0,0,13041.0,0.16,0.55,7173.0,0
100733,48,Mass,South,138,20000,19539.0,13,0,0,21042.0,1.05,0.14,2946.0,0
100734,57,Mass,East,53,80000,29078.0,23,0,0,11527.0,0.14,0.37,4265.0,0
100735,61,Affluent,North,44,20000,22982.0,26,60,0,4796.0,0.24,0.24,1151.0,1
100736,56,Mass,North,47,50000,14494.0,17,0,1,21908.0,0.44,0.6,13145.0,0
100737,47,Mass,West,53,20000,20186.0,27,0,0,29451.0,1.47,0.24,7068.0,0
100738,37,Starter,North,74,20000,15954.0,21,0,1,12245.0,0.61,0.45,5510.0,0
100739,29,Affluent,North,46,120000,18067.0,16,0,0,46316.0,0.39,0.4,18526.0,0
100740,53,Starter,South,13,50000,15232.0,32,0,0,1858.0,0.04,0.46,855.0,0
100741,40,Starter,West,165,120000,16603.0,18,0,0,16386.0,0.14,0.51,8357.0,0
100742,33,Starter,South,102,200000,19803.0,31,0,0,19981.0,0.1,0.38,7593.0,0
100743,48,Mass,East,24,80000,9556.0,20,0,1,31379.0,0.39,0.43,13493.0,0
100744,68,Starter,North,2,20000,9365.0,10,0,0,25654.0,1.28,0.54,13853.0,0
100745,49,Starter,East,81,50000,6197.0,27,0,0,7252.0,0.15,0.48,3481.0,0
100746,33,Starter,South,100,80000,4398.0,20,0,0,9674.0,0.12,0.6,5804.0,0
100747,66,Starter,North,142,50000,7653.0,22,0,0,33955.0,0.68,0.15,5093.0,0
100748,55,Mass,North,138,20000,19355.0,18,0,0,41076.0,2.05,0.44,18073.0,0
100749,26,Mass,South,163,80000,10411.0,18,0,0,35643.0,0.45,0.19,6772.0,0
100750,38,Mass,South,153,120000,22366.0,19,0,0,25190.0,0.21,0.58,14610.0,0
100751,25,Mass,South,131,80000,18295.0,22,0,0,48872.0,0.61,0.18,8797.0,0
100752,67,Mass,South,111,20000,1268.0,18,0,0,24816.0,1.24,0.62,15386.0,0
100753,45,Starter,South,102,80000,23567.0,20,0,0,9723.0,0.12,0.39,3792.0,0
100754,22,Mass,North,17,20000,24892.0,23,0,0,28318.0,1.42,0.6,16991.0,0
100755,30,Affluent,South,12,20000,9552.0,23,0,0,46748.0,2.34,0.71,33191.0,0
100756,50,Mass,North,116,120000,21572.0,20,0,0,29164.0,0.24,0.38,11082.0,0
100757,65,Starter,North,24,20000,10720.0,24,0,0,8487.0,0.42,0.33,2801.0,0
100758,25,Mass,South,29,50000,18830.0,23,0,0,34675.0,0.69,0.45,15604.0,0
100759,53,Mass,South,171,20000,7252.0,21,0,0,28466.0,1.42,0.43,12240.0,0
100760,21,Mass,West,153,120000,2759.0,18,0,0,25573.0,0.21,0.36,9206.0,0
100761,38,Starter,North,122,80000,14746.0,22,0,0,23878.0,0.3,0.63,15043.0,0
100762,52,Starter,South,90,80000,16948.0,26,0,0,28985.0,0.36,0.58,16811.0,0
100763,67,Starter,South,65,80000,14620.0,24,0,0,22812.0,0.29,0.16,3650.0,0
100764,69,Affluent,South,84,20000,7936.0,31,0,1,70682.0,3.53,0.62,43823.0,0
100765,31,Mass,West,119,50000,14601.0,25,0,0,32872.0,0.66,0.05,1644.0,0
100766,41,Starter,West,156,50000,20289.0,17,0,0,0.0,0.0,0.24,0.0,0
100767,46,Starter,East,16,20000,17618.0,28,0,0,13662.0,0.68,0.46,6285.0,0
100768,45,Mass,North,175,50000,19551.0,31,0,0,30523.0,0.61,0.17,5189.0,0
100769,42,Starter,East,104,120000,12304.0,22,0,1,21943.0,0.18,0.41,8997.0,0
100770,47,Starter,South,92,20000,27960.0,27,0,0,40728.0,2.04,0.57,23215.0,0
100771,69,Affluent,West,27,50000,8003.0,32,0,0,43864.0,0.88,0.6,26318.0,0
100772,33,Starter,West,170,20000,22144.0,24,0,0,0.0,0.0,0.36,0.0,0
100773,53,Mass,East,175,20000,28046.0,16,0,0,22074.0,1.1,0.43,9492.0,0
100774,54,Affluent,West,162,120000,22088.0,16,0,0,33146.0,0.28,0.74,24528.0,0
100775,61,Mass,South,165,50000,16279.0,20,0,0,49359.0,0.99,0.21,10365.0,0
100776,55,Starter,West,134,50000,13509.0,24,0,1,7692.0,0.15,0.49,3769.0,0
100777,21,Starter,East,135,80000,26807.0,22,60,1,17453.0,0.22,0.29,5061.0,1
100778,41,Affluent,South,153,20000,5905.0,23,0,0,36282.0,1.81,0.48,17415.0,0
100779,68,Affluent,East,33,50000,9754.0,23,0,0,62551.0,1.25,0.72,45037.0,0
100780,26,Mass,West,55,50000,14621.0,20,0,0,5488.0,0.11,0.19,1043.0,0
100781,48,Starter,East,7,80000,28520.0,21,0,1,4843.0,0.06,0.31,1501.0,0
100782,37,Mass,East,57,200000,21228.0,24,0,1,48034.0,0.24,0.35,16812.0,0
100783,25,Affluent,North,126,80000,9772.0,24,60,0,77529.0,0.97,0.17,13180.0,1
100784,51,Mass,West,12,50000,15362.0,19,0,0,33539.0,0.67,0.09,3019.0,0
100785,25,Affluent,West,16,120000,12778.0,25,0,0,37280.0,0.31,0.61,22741.0,0
100786,58,Affluent,East,43,20000,11967.0,20,0,0,26685.0,1.33,0.35,9340.0,0
100787,23,Mass,North,117,20000,26321.0,27,0,0,19151.0,0.96,0.66,12640.0,0
100788,43,Mass,West,135,20000,6340.0,18,0,0,32966.0,1.65,0.51,16813.0,0
100789,57,Mass,South,111,50000,31675.0,28,0,0,15860.0,0.32,0.21,3331.0,0
100790,57,Starter,East,51,50000,25040.0,21,60,0,20754.0,0.42,0.22,4566.0,1
100791,30,Mass,West,160,80000,27272.0,22,0,0,0.0,0.0,0.29,0.0,0
100792,30,Mass,South,75,120000,14065.0,27,30,0,46327.0,0.39,0.27,12508.0,1
100793,39,Affluent,West,8,50000,16726.0,25,0,0,61193.0,1.22,0.43,26313.0,0
100794,37,Affluent,South,45,50000,5818.0,29,0,0,49614.0,0.99,0.07,3473.0,0
100795,41,Mass,East,59,20000,13540.0,22,0,0,27966.0,1.4,0.48,13424.0,0
100796,34,Starter,West,132,20000,22196.0,21,0,0,24499.0,1.22,0.78,19109.0,0
100797,29,Starter,West,104,80000,29017.0,13,0,0,5782.0,0.07,0.57,3296.0,0
100798,66,Starter,North,157,50000,8589.0,19,0,0,16000.0,0.32,0.48,7680.0,0
100799,21,Mass,East,157,120000,14893.0,24,0,0,17152.0,0.14,0.16,2744.0,0
100800,65,Mass,South,98,20000,16714.0,22,0,0,33499.0,1.67,0.4,13400.0,0
100801,33,Affluent,West,156,20000,6136.0,28,0,0,77603.0,3.88,0.44,34145.0,0
100802,24,Mass,West,79,50000,23026.0,24,90,0,54197.0,1.08,0.44,23847.0,1
100803,21,Affluent,South,124,20000,11846.0,32,0,0,33215.0,1.66,0.56,18600.0,0
100804,69,Affluent,East,172,20000,16339.0,26,0,0,19932.0,1.0,0.41,8172.0,0
100805,60,Mass,North,4,80000,14158.0,31,0,0,26205.0,0.33,0.68,17819.0,0
100806,52,Affluent,North,90,20000,11291.0,26,0,0,42657.0,2.13,0.82,34979.0,0
100807,54,Mass,West,104,80000,17940.0,21,0,0,24730.0,0.31,0.65,16074.0,0
100808,48,Starter,South,137,50000,16167.0,26,0,0,11407.0,0.23,0.28,3194.0,0
100809,51,Mass,West,119,20000,14839.0,19,0,0,30550.0,1.53,0.28,8554.0,0
100810,28,Mass,South,133,50000,11808.0,22,0,0,38527.0,0.77,0.72,27739.0,0
100811,59,Mass,North,56,120000,20716.0,19,0,1,37554.0,0.31,0.46,17275.0,0
100812,46,Mass,East,96,50000,32056.0,25,0,0,20873.0,0.42,0.16,3340.0,0
100813,54,Mass,South,178,80000,19189.0,24,0,0,20005.0,0.25,0.12,2401.0,0
100814,23,Mass,North,75,20000,26467.0,25,0,0,37599.0,1.88,0.5,18800.0,0
100815,32,Mass,West,143,80000,6183.0,28,0,1,38729.0,0.48,0.21,8133.0,0
100816,21,Mass,South,32,20000,19341.0,18,0,0,22100.0,1.1,0.14,3094.0,0
100817,64,Mass,East,28,80000,8672.0,22,0,0,4192.0,0.05,0.37,1551.0,0
100818,25,Mass,West,22,80000,5446.0,20,90,0,24890.0,0.31,0.35,8712.0,1
100819,50,Starter,West,17,120000,11715.0,15,0,0,10784.0,0.09,0.63,6794.0,0
100820,50,Mass,North,59,50000,28131.0,18,0,0,55081.0,1.1,0.51,28091.0,0
100821,37,Starter,South,90,20000,26075.0,18,0,0,16208.0,0.81,0.43,6969.0,0
100822,68,Mass,West,106,20000,20066.0,26,0,0,21601.0,1.08,0.18,3888.0,0
100823,67,Mass,East,26,120000,4972.0,23,0,0,22159.0,0.18,0.7,15511.0,0
100824,43,Mass,South,25,50000,16332.0,22,0,0,48337.0,0.97,0.62,29969.0,0
100825,35,Mass,East,138,80000,20564.0,23,60,0,27476.0,0.34,0.84,23080.0,1
100826,57,Affluent,West,45,20000,19492.0,22,0,0,65128.0,3.26,0.56,36472.0,0
100827,41,Affluent,East,83,50000,2328.0,27,0,0,23843.0,0.48,0.33,7868.0,0
100828,34,Affluent,North,11,20000,10432.0,16,0,0,50215.0,2.51,0.23,11549.0,0
100829,22,Affluent,East,104,200000,17455.0,20,0,0,33436.0,0.17,0.51,17052.0,0
100830,31,Starter,South,68,80000,22558.0,22,0,0,13053.0,0.16,0.57,7440.0,0
100831,59,Starter,East,95,120000,1000.0,31,0,0,27724.0,0.23,0.08,2218.0,0
100832,58,Mass,East,156,50000,16622.0,18,0,0,33763.0,0.68,0.36,12155.0,0
100833,54,Starter,North,65,80000,19216.0,20,0,0,23549.0,0.29,0.08,1884.0,0
100834,58,Mass,East,49,80000,25222.0,21,0,0,24252.0,0.3,0.36,8731.0,0
100835,54,Mass,East,175,50000,23889.0,18,0,0,32382.0,0.65,0.62,20077.0,0
100836,38,Mass,West,52,120000,22952.0,16,0,0,32204.0,0.27,0.55,17712.0,0
100837,50,Mass,West,102,120000,11201.0,23,0,1,32383.0,0.27,0.05,1619.0,0
100838,35,Mass,South,57,120000,1782.0,32,0,0,29723.0,0.25,0.46,13673.0,0
100839,47,Mass,West,47,80000,14659.0,16,0,0,41032.0,0.51,0.15,6155.0,0
100840,54,Affluent,West,159,50000,26514.0,28,0,0,44350.0,0.89,0.18,7983.0,0
100841,58,Mass,West,174,50000,29844.0,32,0,0,13331.0,0.27,0.52,6932.0,0
100842,53,Affluent,West,26,200000,24040.0,20,0,0,26884.0,0.13,0.32,8603.0,0
100843,44,Starter,North,114,20000,21649.0,24,0,0,26065.0,1.3,0.15,3910.0,0
100844,35,Affluent,West,5,80000,21227.0,15,0,0,34340.0,0.43,0.39,13393.0,0
100845,50,Mass,North,84,80000,13273.0,19,30,0,40941.0,0.51,0.42,17195.0,1
100846,62,Mass,North,52,80000,16894.0,24,0,0,15549.0,0.19,0.14,2177.0,0
100847,37,Starter,West,105,200000,32187.0,17,0,0,18155.0,0.09,0.4,7262.0,0
100848,25,Mass,East,54,50000,9988.0,19,0,1,18447.0,0.37,0.43,7932.0,0
100849,49,Starter,North,161,50000,31726.0,12,60,0,17510.0,0.35,0.59,10331.0,1
100850,24,Starter,East,178,20000,15263.0,25,0,0,16794.0,0.84,0.7,11756.0,0
100851,30,Mass,East,166,50000,29266.0,18,60,0,29717.0,0.59,0.36,10698.0,1
100852,37,Mass,West,155,50000,6042.0,24,30,0,26372.0,0.53,0.5,13186.0,1
100853,30,Mass,South,15,50000,22980.0,27,0,0,40403.0,0.81,0.32,12929.0,0
100854,37,Affluent,West,61,120000,11737.0,17,0,0,55212.0,0.46,0.38,20981.0,0
100855,40,Mass,South,122,120000,5970.0,22,90,0,1627.0,0.01,0.6,976.0,1
100856,44,Mass,South,21,20000,19858.0,24,0,1,24233.0,1.21,0.62,15024.0,0
100857,25,Starter,West,46,50000,26581.0,21,0,1,14130.0,0.28,0.49,6924.0,0
100858,54,Mass,West,134,120000,10818.0,19,0,1,29194.0,0.24,0.65,18976.0,0
100859,26,Mass,South,38,20000,5258.0,26,0,0,49513.0,2.48,0.38,18815.0,0
100860,22,Affluent,West,62,20000,17219.0,23,0,0,27976.0,1.4,0.18,5036.0,0
100861,33,Affluent,South,86,20000,17257.0,16,0,0,58307.0,2.92,0.36,20991.0,0
100862,63,Mass,East,78,80000,22661.0,17,0,0,19710.0,0.25,0.36,7096.0,0
100863,63,Starter,West,46,20000,26072.0,23,0,1,11597.0,0.58,0.47,5451.0,0
100864,68,Affluent,East,141,200000,17495.0,32,0,0,51647.0,0.26,0.27,13945.0,0
100865,31,Mass,North,3,50000,33772.0,25,0,1,25397.0,0.51,0.44,11175.0,0
100866,67,Starter,East,6,50000,19906.0,15,0,0,7068.0,0.14,0.36,2544.0,0
100867,43,Starter,East,93,20000,15055.0,16,0,1,24157.0,1.21,0.54,13045.0,0
100868,36,Mass,South,8,50000,4302.0,20,0,1,31449.0,0.63,0.38,11951.0,0
100869,51,Starter,East,172,80000,15767.0,16,0,0,5111.0,0.06,0.02,102.0,0
100870,31,Affluent,West,108,80000,15141.0,19,60,0,59643.0,0.75,0.35,20875.0,1
100871,36,Mass,South,161,80000,26163.0,27,0,0,39720.0,0.5,0.3,11916.0,0
100872,28,Starter,North,75,80000,21931.0,26,0,0,41324.0,0.52,0.85,35125.0,0
100873,24,Affluent,West,77,120000,7975.0,19,30,0,27711.0,0.23,0.63,17458.0,1
100874,60,Mass,North,50,120000,19464.0,21,30,0,24979.0,0.21,0.35,8743.0,1
100875,24,Mass,East,11,80000,23708.0,18,0,1,33719.0,0.42,0.56,18883.0,0
100876,45,Starter,West,95,20000,30988.0,22,0,0,5103.0,0.26,0.21,1072.0,0
100877,23,Starter,West,156,20000,25544.0,13,0,0,8134.0,0.41,0.29,2359.0,0
100878,52,Mass,North,70,20000,24467.0,18,0,0,31884.0,1.59,0.39,12435.0,0
100879,23,Mass,West,169,80000,18511.0,17,0,0,36052.0,0.45,0.81,29202.0,0
100880,47,Mass,West,16,50000,21301.0,18,0,0,9257.0,0.19,0.16,1481.0,0
100881,49,Mass,West,68,50000,28621.0,32,0,0,49505.0,0.99,0.57,28218.0,0
100882,52,Mass,East,99,120000,6671.0,20,0,0,105.0,0.0,0.51,54.0,0
100883,39,Starter,North,48,120000,15030.0,11,0,0,27238.0,0.23,0.23,6265.0,0
100884,41,Mass,West,64,120000,11433.0,24,30,0,26586.0,0.22,0.72,19142.0,1
100885,25,Affluent,South,90,50000,21223.0,32,0,0,43487.0,0.87,0.52,22613.0,0
100886,38,Mass,South,76,80000,28457.0,25,60,0,51643.0,0.65,0.51,26338.0,1
100887,48,Mass,South,139,50000,12926.0,22,90,0,126.0,0.0,0.48,60.0,1
100888,62,Starter,South,101,20000,1000.0,21,0,0,5468.0,0.27,0.53,2898.0,0
100889,42,Mass,East,89,20000,14496.0,19,0,1,0.0,0.0,0.24,0.0,0
100890,41,Mass,West,18,50000,25765.0,22,0,0,28474.0,0.57,0.52,14806.0,0
100891,26,Affluent,North,19,50000,22570.0,17,0,0,48051.0,0.96,0.66,31714.0,0
100892,21,Mass,West,55,120000,21640.0,25,0,0,51862.0,0.43,0.26,13484.0,0
100893,25,Affluent,East,102,20000,15620.0,22,0,0,89287.0,4.46,0.55,49108.0,0
100894,61,Mass,South,118,80000,7128.0,22,60,1,43660.0,0.55,0.3,13098.0,1
100895,32,Starter,East,154,50000,22380.0,22,0,0,26065.0,0.52,0.41,10687.0,0
100896,46,Mass,West,134,50000,10909.0,24,0,0,21471.0,0.43,0.22,4724.0,0
100897,66,Starter,North,4,50000,36565.0,15,0,0,1623.0,0.03,0.24,390.0,0
100898,54,Starter,East,108,50000,22849.0,15,0,0,21122.0,0.42,0.32,6759.0,0
100899,69,Affluent,North,115,80000,13064.0,22,30,0,84674.0,1.06,0.4,33870.0,1
100900,34,Mass,East,29,50000,12803.0,23,0,0,47428.0,0.95,0.22,10434.0,0
100901,46,Mass,North,59,20000,17210.0,21,0,0,25569.0,1.28,0.47,12017.0,0
100902,65,Starter,North,125,20000,15964.0,25,0,0,24622.0,1.23,0.2,4924.0,0
100903,47,Mass,South,98,50000,27493.0,15,0,0,20797.0,0.42,0.45,9359.0,0
100904,29,Starter,North,17,120000,19585.0,19,0,0,7262.0,0.06,0.52,3776.0,0
100905,46,Starter,South,107,50000,11781.0,24,0,0,4919.0,0.1,0.28,1377.0,0
100906,67,Mass,West,43,80000,34069.0,27,0,0,27324.0,0.34,0.64,17487.0,0
100907,42,Starter,West,80,80000,18419.0,19,60,0,4121.0,0.05,0.38,1566.0,1
100908,67,Mass,South,162,120000,24535.0,17,30,0,33887.0,0.28,0.39,13216.0,1
100909,50,Starter,South,8,120000,12830.0,25,0,0,7942.0,0.07,0.57,4527.0,0
100910,63,Starter,East,141,80000,21086.0,13,0,0,12394.0,0.15,0.51,6321.0,0
100911,68,Starter,East,106,80000,20644.0,23,0,0,126.0,0.0,0.43,54.0,0
100912,37,Mass,East,8,120000,1938.0,20,0,0,38908.0,0.32,0.12,4669.0,0
100913,46,Mass,West,96,50000,35130.0,17,0,1,28988.0,0.58,0.46,13334.0,0
100914,56,Mass,East,94,50000,28970.0,21,0,0,52977.0,1.06,0.08,4238.0,0
100915,21,Mass,North,65,20000,14624.0,18,0,0,23984.0,1.2,0.21,5037.0,0
100916,28,Mass,North,171,120000,8631.0,22,0,0,47841.0,0.4,0.16,7655.0,0
100917,69,Starter,East,39,120000,20954.0,19,0,1,22777.0,0.19,0.5,11388.0,0
100918,55,Mass,North,81,20000,18737.0,14,0,0,12629.0,0.63,0.3,3789.0,0
100919,35,Affluent,West,84,80000,21023.0,17,0,1,17552.0,0.22,0.48,8425.0,0
100920,67,Mass,North,88,50000,19628.0,20,0,1,42861.0,0.86,0.18,7715.0,0
100921,42,Mass,West,86,20000,22303.0,22,30,0,26185.0,1.31,0.28,7332.0,1
100922,34,Affluent,South,93,200000,30302.0,15,0,1,28236.0,0.14,0.19,5365.0,0
100923,46,Mass,South,86,20000,22829.0,24,0,0,21944.0,1.1,0.69,15141.0,0
100924,48,Starter,South,44,20000,9078.0,19,0,0,3689.0,0.18,0.23,848.0,0
100925,43,Mass,South,137,80000,29582.0,17,0,0,0.0,0.0,0.25,0.0,0
100926,34,Mass,North,165,80000,31945.0,18,0,0,12703.0,0.16,0.63,8003.0,0
100927,44,Mass,East,74,20000,44792.0,19,0,0,42689.0,2.13,0.45,19210.0,0
100928,22,Mass,North,36,80000,8450.0,24,0,0,24255.0,0.3,0.45,10915.0,0
100929,65,Mass,West,101,50000,20064.0,16,0,0,31113.0,0.62,0.25,7778.0,0
100930,46,Mass,North,156,20000,1000.0,20,0,0,7798.0,0.39,0.48,3743.0,0
100931,34,Mass,North,170,20000,22702.0,23,0,0,55718.0,2.79,0.3,16715.0,0
100932,27,Affluent,West,171,80000,13340.0,24,0,0,70769.0,0.88,0.47,33261.0,0
100933,23,Mass,South,170,50000,34349.0,22,0,0,24990.0,0.5,0.57,14244.0,0
100934,67,Starter,South,104,120000,11416.0,19,0,0,36173.0,0.3,0.41,14831.0,0
100935,43,Mass,South,66,120000,3642.0,23,0,0,43444.0,0.36,0.73,31714.0,0
100936,66,Starter,East,55,200000,13994.0,18,0,0,16456.0,0.08,0.52,8557.0,0
100937,63,Mass,West,176,50000,1208.0,22,0,0,42306.0,0.85,0.37,15653.0,0
100938,67,Mass,West,91,200000,24384.0,30,0,0,60577.0,0.3,0.79,47856.0,0
100939,65,Starter,North,22,50000,1000.0,20,0,0,17285.0,0.35,0.1,1728.0,0
100940,38,Mass,East,101,50000,18242.0,27,0,1,15709.0,0.31,0.29,4556.0,0
100941,58,Starter,South,155,20000,1000.0,24,30,0,9369.0,0.47,0.48,4497.0,1
100942,55,Starter,East,121,20000,15277.0,27,0,1,5534.0,0.28,0.47,2601.0,0
100943,35,Mass,West,93,80000,31969.0,28,0,0,30634.0,0.38,0.04,1225.0,0
100944,45,Mass,West,108,50000,21066.0,20,0,0,25721.0,0.51,0.32,8231.0,0
100945,57,Affluent,North,141,20000,10660.0,24,0,0,27361.0,1.37,0.5,13680.0,0
100946,48,Mass,North,173,80000,17735.0,28,0,0,46485.0,0.58,0.43,19989.0,0
100947,30,Mass,West,10,50000,18153.0,20,0,0,5115.0,0.1,0.65,3325.0,0
100948,59,Mass,South,9,80000,22017.0,21,0,0,19045.0,0.24,0.3,5714.0,0
100949,37,Starter,South,155,50000,6382.0,21,0,0,0.0,0.0,0.71,0.0,0
100950,59,Affluent,East,34,120000,23037.0,21,0,0,59199.0,0.49,0.33,19536.0,0
100951,42,Mass,West,129,120000,1000.0,23,0,0,16027.0,0.13,0.58,9296.0,0
100952,46,Mass,West,160,50000,12646.0,15,0,0,43278.0,0.87,0.26,11252.0,0
100953,64,Starter,South,89,50000,13850.0,20,0,0,0.0,0.0,0.82,0.0,0
100954,45,Mass,South,93,50000,23383.0,28,0,0,23476.0,0.47,0.32,7512.0,0
100955,37,Mass,West,71,120000,18192.0,18,0,0,32930.0,0.27,0.66,21734.0,0
100956,33,Affluent,North,67,50000,6053.0,23,0,0,17759.0,0.36,0.4,7104.0,0
100957,40,Starter,West,148,20000,9628.0,16,30,0,15691.0,0.78,0.77,12082.0,1
100958,45,Mass,West,117,20000,19689.0,21,0,1,19467.0,0.97,0.21,4088.0,0
100959,24,Affluent,South,94,50000,17328.0,23,0,0,46216.0,0.92,0.55,25419.0,0
100960,30,Mass,South,163,50000,13077.0,23,0,0,26114.0,0.52,0.79,20630.0,0
100961,23,Mass,North,99,120000,13913.0,19,0,0,38069.0,0.32,0.42,15989.0,0
100962,61,Starter,North,113,20000,23917.0,26,0,0,24035.0,1.2,0.47,11296.0,0
100963,65,Affluent,East,103,50000,13600.0,20,0,0,36298.0,0.73,0.34,12341.0,0
100964,38,Starter,West,91,120000,17251.0,23,0,0,22125.0,0.18,0.07,1549.0,0
100965,67,Mass,South,90,120000,36444.0,20,0,0,33411.0,0.28,0.11,3675.0,0
100966,56,Mass,North,17,50000,5899.0,23,0,0,29084.0,0.58,0.6,17450.0,0
100967,67,Starter,East,18,50000,2259.0,24,0,0,2023.0,0.04,0.33,668.0,0
100968,42,Mass,East,173,50000,24661.0,14,0,0,24602.0,0.49,0.23,5658.0,0
100969,54,Starter,South,116,120000,12232.0,18,0,0,25096.0,0.21,0.95,23841.0,0
100970,67,Starter,South,93,20000,15295.0,27,0,0,0.0,0.0,0.14,0.0,0
100971,28,Mass,East,91,120000,11360.0,26,0,0,5915.0,0.05,0.3,1774.0,0
100972,60,Affluent,North,82,80000,15792.0,21,0,0,87966.0,1.1,0.03,2639.0,0
100973,69,Mass,East,68,50000,31588.0,17,0,0,19381.0,0.39,0.16,3101.0,0
100974,64,Mass,West,114,20000,24818.0,17,0,0,22963.0,1.15,0.69,15844.0,0
100975,39,Starter,West,1,50000,25329.0,26,0,1,10616.0,0.21,0.34,3609.0,0
100976,62,Starter,South,58,50000,5962.0,27,0,0,21116.0,0.42,0.57,12036.0,0
100977,61,Starter,North,154,20000,8215.0,32,0,0,15376.0,0.77,0.64,9841.0,0
100978,57,Starter,North,109,80000,1000.0,24,0,0,13480.0,0.17,0.28,3774.0,0
100979,26,Mass,West,148,200000,11120.0,24,0,0,35050.0,0.18,0.13,4556.0,0
100980,46,Mass,East,116,80000,26132.0,17,0,0,29551.0,0.37,0.37,10934.0,0
100981,54,Mass,South,87,80000,22394.0,22,0,0,13203.0,0.17,0.5,6602.0,0
100982,65,Starter,East,10,20000,16117.0,25,0,0,21564.0,1.08,0.49,10566.0,0
100983,26,Mass,East,59,50000,17810.0,15,0,0,60345.0,1.21,0.85,51293.0,0
100984,57,Affluent,East,41,20000,12144.0,22,30,0,10555.0,0.53,0.84,8866.0,1
100985,53,Starter,North,105,80000,19740.0,30,0,0,0.0,0.0,0.49,0.0,0
100986,42,Affluent,West,133,120000,24510.0,27,0,0,53227.0,0.44,0.32,17033.0,0
100987,41,Affluent,North,122,80000,4265.0,20,0,0,53208.0,0.67,0.22,11706.0,0
100988,26,Starter,West,145,20000,20547.0,16,0,0,19121.0,0.96,0.71,13576.0,0
100989,26,Mass,South,22,50000,25926.0,23,0,0,34076.0,0.68,0.25,8519.0,0
100990,68,Mass,South,98,80000,14472.0,30,0,0,15317.0,0.19,0.55,8424.0,0
100991,24,Mass,East,169,50000,23956.0,24,0,0,3846.0,0.08,0.54,2077.0,0
100992,50,Mass,West,68,120000,41925.0,22,0,0,39298.0,0.33,0.25,9824.0,0
100993,31,Mass,West,139,120000,17113.0,21,0,0,11770.0,0.1,0.47,5532.0,0
100994,50,Mass,West,56,80000,21343.0,22,0,0,22920.0,0.29,0.34,7793.0,0
100995,51,Mass,East,179,50000,11727.0,17,0,0,49997.0,1.0,0.27,13499.0,0
100996,44,Mass,East,149,50000,19541.0,24,0,0,6862.0,0.14,0.23,1578.0,0
100997,29,Mass,South,99,20000,21912.0,23,0,0,5011.0,0.25,0.49,2455.0,0
100998,23,Mass,North,76,50000,19656.0,19,0,0,32040.0,0.64,0.27,8651.0,0
100999,51,Mass,West,26,50000,9333.0,17,0,0,45242.0,0.9,0.27,12215.0,0
101000,60,Starter,West,115,80000,19754.0,20,0,0,2327.0,0.03,0.28,652.0,0
